
> exchange_js@1.0.0 start:dev
> nest start --watch

[2J[3J[H[[90m22:59:59[0m] Starting compilation in watch mode...

[96msrc/modules/deposit-transactions/deposit-transactions.service.ts[0m:[93m115[0m:[93m67[0m - [91merror[0m[90m TS2339: [0mProperty 'FAILED' does not exist on type 'typeof DepositTransactionStatus'.

[7m115[0m         [DepositTransactionAction.FAIL]: DepositTransactionStatus.FAILED
[7m   [0m [91m                                                                  ~~~~~~[0m

[96msrc/modules/deposit-transactions/deposit-transactions.service.ts[0m:[93m119[0m:[93m67[0m - [91merror[0m[90m TS2339: [0mProperty 'FAILED' does not exist on type 'typeof DepositTransactionStatus'.

[7m119[0m         [DepositTransactionAction.FAIL]: DepositTransactionStatus.FAILED
[7m   [0m [91m                                                                  ~~~~~~[0m

[96msrc/modules/payins/payins.service.ts[0m:[93m185[0m:[93m10[0m - [91merror[0m[90m TS2339: [0mProperty 'eventEmitter' does not exist on type 'PayinsService'.

[7m185[0m     this.eventEmitter.emit(
[7m   [0m [91m         ~~~~~~~~~~~~[0m

[96msrc/modules/payins/payins.service.ts[0m:[93m187[0m:[93m11[0m - [91merror[0m[90m TS2304: [0mCannot find name 'PayinStatusChangedEvent'.

[7m187[0m       new PayinStatusChangedEvent(
[7m   [0m [91m          ~~~~~~~~~~~~~~~~~~~~~~~[0m

[[90m23:00:01[0m] Found 4 errors. Watching for file changes.

[2J[3J[H[[90m23:08:36[0m] File change detected. Starting incremental compilation...

[96msrc/modules/deposit-transactions/deposit-transactions.service.ts[0m:[93m115[0m:[93m67[0m - [91merror[0m[90m TS2339: [0mProperty 'FAILED' does not exist on type 'typeof DepositTransactionStatus'.

[7m115[0m         [DepositTransactionAction.FAIL]: DepositTransactionStatus.FAILED
[7m   [0m [91m                                                                  ~~~~~~[0m

[96msrc/modules/deposit-transactions/deposit-transactions.service.ts[0m:[93m119[0m:[93m67[0m - [91merror[0m[90m TS2339: [0mProperty 'FAILED' does not exist on type 'typeof DepositTransactionStatus'.

[7m119[0m         [DepositTransactionAction.FAIL]: DepositTransactionStatus.FAILED
[7m   [0m [91m                                                                  ~~~~~~[0m

[[90m23:08:37[0m] Found 2 errors. Watching for file changes.

[2J[3J[H[[90m23:09:28[0m] File change detected. Starting incremental compilation...

[[90m23:09:28[0m] Found 0 errors. Watching for file changes.

CustomersService initialized with NotificationsGateway
[23:09:29.279] INFO (22209): Starting Nest application...
    context: "NestFactory"
[23:09:29.279] INFO (22209): AppModule dependencies initialized
    context: "InstanceLoader"
[23:09:29.279] INFO (22209): PrismaModule dependencies initialized
    context: "InstanceLoader"
[23:09:29.279] INFO (22209): PassportModule dependencies initialized
    context: "InstanceLoader"
[23:09:29.279] INFO (22209): NotificationsModule dependencies initialized
    context: "InstanceLoader"
[23:09:29.279] INFO (22209): ConfigHostModule dependencies initialized
    context: "InstanceLoader"
[23:09:29.279] INFO (22209): JwtModule dependencies initialized
    context: "InstanceLoader"
[23:09:29.279] INFO (22209): DiscoveryModule dependencies initialized
    context: "InstanceLoader"
[23:09:29.279] INFO (22209): ConfigModule dependencies initialized
    context: "InstanceLoader"
[23:09:29.279] INFO (22209): EventEmitterModule dependencies initialized
    context: "InstanceLoader"
[23:09:29.279] INFO (22209): WorkflowsModule dependencies initialized
    context: "InstanceLoader"
[23:09:29.279] INFO (22209): LoggerModule dependencies initialized
    context: "InstanceLoader"
[23:09:29.279] INFO (22209): CoaModule dependencies initialized
    context: "InstanceLoader"
[23:09:29.279] INFO (22209): JournalsModule dependencies initialized
    context: "InstanceLoader"
[23:09:29.279] INFO (22209): JournalLinesModule dependencies initialized
    context: "InstanceLoader"
[23:09:29.279] INFO (22209): AcctEventsModule dependencies initialized
    context: "InstanceLoader"
[23:09:29.279] INFO (22209): JournalHeaderTemplatesModule dependencies initialized
    context: "InstanceLoader"
[23:09:29.279] INFO (22209): JournalLineTemplatesModule dependencies initialized
    context: "InstanceLoader"
[23:09:29.279] INFO (22209): AuthModule dependencies initialized
    context: "InstanceLoader"
[23:09:29.279] INFO (22209): UsersModule dependencies initialized
    context: "InstanceLoader"
[23:09:29.279] INFO (22209): LiquidityProvidersModule dependencies initialized
    context: "InstanceLoader"
[23:09:29.279] INFO (22209): AssetsModule dependencies initialized
    context: "InstanceLoader"
[23:09:29.279] INFO (22209): LiquidityConfigModule dependencies initialized
    context: "InstanceLoader"
[23:09:29.279] INFO (22209): WalletsModule dependencies initialized
    context: "InstanceLoader"
[23:09:29.279] INFO (22209): CustomersModule dependencies initialized
    context: "InstanceLoader"
[23:09:29.279] INFO (22209): PayinsModule dependencies initialized
    context: "InstanceLoader"
[23:09:29.279] INFO (22209): DepositTransactionsModule dependencies initialized
    context: "InstanceLoader"
[23:09:29.279] INFO (22209): UsersController {/users}:
    context: "RoutesResolver"
[23:09:29.279] INFO (22209): Mapped {/users, GET} route
    context: "RouterExplorer"
[23:09:29.279] INFO (22209): CustomerAuthController {/auth/customer}:
    context: "RoutesResolver"
[23:09:29.279] INFO (22209): Mapped {/auth/customer/register, POST} route
    context: "RouterExplorer"
[23:09:29.279] INFO (22209): Mapped {/auth/customer/login, POST} route
    context: "RouterExplorer"
[23:09:29.279] INFO (22209): AuthController {/auth}:
    context: "RoutesResolver"
[23:09:29.279] INFO (22209): Mapped {/auth/login, POST} route
    context: "RouterExplorer"
[23:09:29.279] INFO (22209): CustomersController {/customers}:
    context: "RoutesResolver"
[23:09:29.279] INFO (22209): Mapped {/customers, POST} route
    context: "RouterExplorer"
[23:09:29.279] INFO (22209): Mapped {/customers, GET} route
    context: "RouterExplorer"
[23:09:29.279] INFO (22209): Mapped {/customers/:id, GET} route
    context: "RouterExplorer"
[23:09:29.279] INFO (22209): Mapped {/customers/:id, PATCH} route
    context: "RouterExplorer"
[23:09:29.279] INFO (22209): Mapped {/customers/:id/status, POST} route
    context: "RouterExplorer"
[23:09:29.279] INFO (22209): Mapped {/customers/:id, DELETE} route
    context: "RouterExplorer"
[23:09:29.279] INFO (22209): LiquidityProvidersController {/liquidity-providers}:
    context: "RoutesResolver"
[23:09:29.279] INFO (22209): Mapped {/liquidity-providers, POST} route
    context: "RouterExplorer"
[23:09:29.279] INFO (22209): Mapped {/liquidity-providers, GET} route
    context: "RouterExplorer"
[23:09:29.279] INFO (22209): Mapped {/liquidity-providers/:id, GET} route
    context: "RouterExplorer"
[23:09:29.279] INFO (22209): Mapped {/liquidity-providers/:id/status, PATCH} route
    context: "RouterExplorer"
[23:09:29.279] INFO (22209): AssetsController {/assets}:
    context: "RoutesResolver"
[23:09:29.279] INFO (22209): Mapped {/assets, POST} route
    context: "RouterExplorer"
[23:09:29.279] INFO (22209): Mapped {/assets, GET} route
    context: "RouterExplorer"
[23:09:29.279] INFO (22209): Mapped {/assets/:id, GET} route
    context: "RouterExplorer"
[23:09:29.279] INFO (22209): Mapped {/assets/:id/status, PATCH} route
    context: "RouterExplorer"
[23:09:29.279] INFO (22209): LiquidityConfigController {/liquidity-configurations}:
    context: "RoutesResolver"
[23:09:29.279] INFO (22209): Mapped {/liquidity-configurations, POST} route
    context: "RouterExplorer"
[23:09:29.279] INFO (22209): Mapped {/liquidity-configurations, GET} route
    context: "RouterExplorer"
[23:09:29.279] INFO (22209): Mapped {/liquidity-configurations/available, GET} route
    context: "RouterExplorer"
[23:09:29.279] INFO (22209): Mapped {/liquidity-configurations/lp/:lpId, GET} route
    context: "RouterExplorer"
[23:09:29.279] INFO (22209): Mapped {/liquidity-configurations/:id, GET} route
    context: "RouterExplorer"
[23:09:29.279] INFO (22209): Mapped {/liquidity-configurations/:id, PUT} route
    context: "RouterExplorer"
[23:09:29.279] INFO (22209): Mapped {/liquidity-configurations/:id, DELETE} route
    context: "RouterExplorer"
[23:09:29.279] INFO (22209): Mapped {/liquidity-configurations/:id/status, PATCH} route
    context: "RouterExplorer"
[23:09:29.279] INFO (22209): WalletsController {/wallets}:
    context: "RoutesResolver"
[23:09:29.279] INFO (22209): Mapped {/wallets, POST} route
    context: "RouterExplorer"
[23:09:29.279] INFO (22209): Mapped {/wallets, GET} route
    context: "RouterExplorer"
[23:09:29.279] INFO (22209): Mapped {/wallets/:id, GET} route
    context: "RouterExplorer"
[23:09:29.279] INFO (22209): Mapped {/wallets/:id/status, PATCH} route
    context: "RouterExplorer"
[23:09:29.279] INFO (22209): PayinsController {/treasury/payins}:
    context: "RoutesResolver"
[23:09:29.279] INFO (22209): Mapped {/treasury/payins/simulate, POST} route
    context: "RouterExplorer"
[23:09:29.279] INFO (22209): Mapped {/treasury/payins, GET} route
    context: "RouterExplorer"
[23:09:29.279] INFO (22209): Mapped {/treasury/payins/:id, GET} route
    context: "RouterExplorer"
[23:09:29.279] INFO (22209): Mapped {/treasury/payins/:id/status, PATCH} route
    context: "RouterExplorer"
[23:09:29.279] INFO (22209): DepositTransactionsController {/deposit-transactions}:
    context: "RoutesResolver"
[23:09:29.279] INFO (22209): Mapped {/deposit-transactions, GET} route
    context: "RouterExplorer"
[23:09:29.279] INFO (22209): Mapped {/deposit-transactions/:id, GET} route
    context: "RouterExplorer"
[23:09:29.279] INFO (22209): Mapped {/deposit-transactions, POST} route
    context: "RouterExplorer"
[23:09:29.279] INFO (22209): Mapped {/deposit-transactions/:id/status, PATCH} route
    context: "RouterExplorer"
[23:09:29.279] INFO (22209): Mapped {/deposit-transactions/export, GET} route
    context: "RouterExplorer"
[23:09:29.279] INFO (22209): CoaController {/coa}:
    context: "RoutesResolver"
[23:09:29.279] INFO (22209): Mapped {/coa, POST} route
    context: "RouterExplorer"
[23:09:29.279] INFO (22209): Mapped {/coa, GET} route
    context: "RouterExplorer"
[23:09:29.279] INFO (22209): Mapped {/coa/:id, GET} route
    context: "RouterExplorer"
[23:09:29.279] INFO (22209): Mapped {/coa/:id, PATCH} route
    context: "RouterExplorer"
[23:09:29.279] INFO (22209): Mapped {/coa/:id, DELETE} route
    context: "RouterExplorer"
[23:09:29.279] INFO (22209): JournalsController {/journals}:
    context: "RoutesResolver"
[23:09:29.279] INFO (22209): Mapped {/journals, GET} route
    context: "RouterExplorer"
[23:09:29.279] INFO (22209): Mapped {/journals/:id, GET} route
    context: "RouterExplorer"
[23:09:29.279] INFO (22209): JournalLinesController {/journal-lines}:
    context: "RoutesResolver"
[23:09:29.279] INFO (22209): Mapped {/journal-lines, GET} route
    context: "RouterExplorer"
[23:09:29.279] INFO (22209): Mapped {/journal-lines/:id, GET} route
    context: "RouterExplorer"
[23:09:29.279] INFO (22209): AcctEventsController {/acct-events}:
    context: "RoutesResolver"
[23:09:29.279] INFO (22209): Mapped {/acct-events, POST} route
    context: "RouterExplorer"
[23:09:29.279] INFO (22209): Mapped {/acct-events, GET} route
    context: "RouterExplorer"
[23:09:29.279] INFO (22209): Mapped {/acct-events/:eventCode, GET} route
    context: "RouterExplorer"
[23:09:29.279] INFO (22209): Mapped {/acct-events/:eventCode, PATCH} route
    context: "RouterExplorer"
[23:09:29.279] INFO (22209): Mapped {/acct-events/:eventCode, DELETE} route
    context: "RouterExplorer"
[23:09:29.279] INFO (22209): JournalHeaderTemplatesController {/journal-header-templates}:
    context: "RoutesResolver"
[23:09:29.279] INFO (22209): Mapped {/journal-header-templates, POST} route
    context: "RouterExplorer"
[23:09:29.279] INFO (22209): Mapped {/journal-header-templates, GET} route
    context: "RouterExplorer"
[23:09:29.279] INFO (22209): Mapped {/journal-header-templates/:id, GET} route
    context: "RouterExplorer"
[23:09:29.279] INFO (22209): Mapped {/journal-header-templates/:id, PATCH} route
    context: "RouterExplorer"
[23:09:29.279] INFO (22209): Mapped {/journal-header-templates/:id, DELETE} route
    context: "RouterExplorer"
[23:09:29.279] INFO (22209): JournalLineTemplatesController {/journal-line-templates}:
    context: "RoutesResolver"
[23:09:29.279] INFO (22209): Mapped {/journal-line-templates, POST} route
    context: "RouterExplorer"
[23:09:29.279] INFO (22209): Mapped {/journal-line-templates, GET} route
    context: "RouterExplorer"
[23:09:29.279] INFO (22209): Mapped {/journal-line-templates/:id, GET} route
    context: "RouterExplorer"
[23:09:29.279] INFO (22209): Mapped {/journal-line-templates/:id, PATCH} route
    context: "RouterExplorer"
[23:09:29.279] INFO (22209): Mapped {/journal-line-templates/:id, DELETE} route
    context: "RouterExplorer"
[23:09:29.279] INFO (22209): DepositWorkflowService initialized and listening for events.
    context: "DepositWorkflowService"
[23:09:29.279] INFO (22209): Nest application successfully started
    context: "NestApplication"
[23:09:29.279] INFO (22209): Application running on port 3000
[23:09:50.105] INFO (22209): Simulating payin for wallet 12347b35-64f8-4a0e-a640-3f69dec32e75 (Type: crypto)
    req: {
      "id": 1,
      "method": "POST",
      "url": "/treasury/payins/simulate"
    }
    context: "PayinsService"
[23:09:50.113] INFO (22209): request completed
    req: {
      "id": 1,
      "method": "POST",
      "url": "/treasury/payins/simulate"
    }
    res: {
      "statusCode": 201,
      "headers": {
        "x-powered-by": "Express",
        "vary": "Origin",
        "access-control-allow-credentials": "true",
        "content-type": "application/json; charset=utf-8",
        "content-length": "841",
        "etag": "W/\"349-ILNyuzQod7+A2knbt5a7wOOD0iY\""
      }
    }
    responseTime: 10
[23:10:11.845] INFO (22209): request completed
    req: {
      "id": 2,
      "method": "GET",
      "url": "/customers?"
    }
    res: {
      "statusCode": 304,
      "headers": {
        "x-powered-by": "Express",
        "access-control-allow-origin": "http://localhost:3001",
        "vary": "Origin",
        "access-control-allow-credentials": "true",
        "etag": "W/\"1a45-ORtzO1DYwflMeaOhjChQ9nbGxQA\""
      }
    }
    responseTime: 8
[23:10:11.847] INFO (22209): request completed
    req: {
      "id": 3,
      "method": "GET",
      "url": "/customers?"
    }
    res: {
      "statusCode": 304,
      "headers": {
        "x-powered-by": "Express",
        "access-control-allow-origin": "http://localhost:3001",
        "vary": "Origin",
        "access-control-allow-credentials": "true",
        "etag": "W/\"1a45-ORtzO1DYwflMeaOhjChQ9nbGxQA\""
      }
    }
    responseTime: 1
[2J[3J[H[[90m23:11:48[0m] File change detected. Starting incremental compilation...

[96msrc/modules/payins/payins.service.ts[0m:[93m51[0m:[93m9[0m - [91merror[0m[90m TS2345: [0mArgument of type 'string' is not assignable to parameter of type 'PayinStatus'.

[7m51[0m         payin.status,
[7m  [0m [91m        ~~~~~~~~~~~~[0m

[[90m23:11:48[0m] Found 1 error. Watching for file changes.

[23:11:56.257] INFO (22209): Simulating payin for wallet 12347b35-64f8-4a0e-a640-3f69dec32e75 (Type: crypto)
    req: {
      "id": 4,
      "method": "POST",
      "url": "/treasury/payins/simulate"
    }
    context: "PayinsService"
[23:11:56.259] INFO (22209): request completed
    req: {
      "id": 4,
      "method": "POST",
      "url": "/treasury/payins/simulate"
    }
    res: {
      "statusCode": 201,
      "headers": {
        "x-powered-by": "Express",
        "vary": "Origin",
        "access-control-allow-credentials": "true",
        "content-type": "application/json; charset=utf-8",
        "content-length": "841",
        "etag": "W/\"349-ArknKr22X4zxg14AbhcE1fcM80A\""
      }
    }
    responseTime: 3
[2J[3J[H[[90m23:12:26[0m] File change detected. Starting incremental compilation...

[[90m23:12:26[0m] Found 0 errors. Watching for file changes.

CustomersService initialized with NotificationsGateway
[23:12:27.331] INFO (24092): Starting Nest application...
    context: "NestFactory"
[23:12:27.331] INFO (24092): AppModule dependencies initialized
    context: "InstanceLoader"
[23:12:27.331] INFO (24092): PrismaModule dependencies initialized
    context: "InstanceLoader"
[23:12:27.331] INFO (24092): PassportModule dependencies initialized
    context: "InstanceLoader"
[23:12:27.331] INFO (24092): NotificationsModule dependencies initialized
    context: "InstanceLoader"
[23:12:27.331] INFO (24092): ConfigHostModule dependencies initialized
    context: "InstanceLoader"
[23:12:27.331] INFO (24092): JwtModule dependencies initialized
    context: "InstanceLoader"
[23:12:27.331] INFO (24092): DiscoveryModule dependencies initialized
    context: "InstanceLoader"
[23:12:27.331] INFO (24092): ConfigModule dependencies initialized
    context: "InstanceLoader"
[23:12:27.331] INFO (24092): EventEmitterModule dependencies initialized
    context: "InstanceLoader"
[23:12:27.331] INFO (24092): WorkflowsModule dependencies initialized
    context: "InstanceLoader"
[23:12:27.331] INFO (24092): LoggerModule dependencies initialized
    context: "InstanceLoader"
[23:12:27.331] INFO (24092): CoaModule dependencies initialized
    context: "InstanceLoader"
[23:12:27.331] INFO (24092): JournalsModule dependencies initialized
    context: "InstanceLoader"
[23:12:27.331] INFO (24092): JournalLinesModule dependencies initialized
    context: "InstanceLoader"
[23:12:27.331] INFO (24092): AcctEventsModule dependencies initialized
    context: "InstanceLoader"
[23:12:27.331] INFO (24092): JournalHeaderTemplatesModule dependencies initialized
    context: "InstanceLoader"
[23:12:27.331] INFO (24092): JournalLineTemplatesModule dependencies initialized
    context: "InstanceLoader"
[23:12:27.331] INFO (24092): AuthModule dependencies initialized
    context: "InstanceLoader"
[23:12:27.331] INFO (24092): UsersModule dependencies initialized
    context: "InstanceLoader"
[23:12:27.331] INFO (24092): LiquidityProvidersModule dependencies initialized
    context: "InstanceLoader"
[23:12:27.331] INFO (24092): AssetsModule dependencies initialized
    context: "InstanceLoader"
[23:12:27.331] INFO (24092): LiquidityConfigModule dependencies initialized
    context: "InstanceLoader"
[23:12:27.331] INFO (24092): WalletsModule dependencies initialized
    context: "InstanceLoader"
[23:12:27.331] INFO (24092): CustomersModule dependencies initialized
    context: "InstanceLoader"
[23:12:27.331] INFO (24092): PayinsModule dependencies initialized
    context: "InstanceLoader"
[23:12:27.331] INFO (24092): DepositTransactionsModule dependencies initialized
    context: "InstanceLoader"
[23:12:27.331] INFO (24092): UsersController {/users}:
    context: "RoutesResolver"
[23:12:27.331] INFO (24092): Mapped {/users, GET} route
    context: "RouterExplorer"
[23:12:27.331] INFO (24092): CustomerAuthController {/auth/customer}:
    context: "RoutesResolver"
[23:12:27.331] INFO (24092): Mapped {/auth/customer/register, POST} route
    context: "RouterExplorer"
[23:12:27.331] INFO (24092): Mapped {/auth/customer/login, POST} route
    context: "RouterExplorer"
[23:12:27.331] INFO (24092): AuthController {/auth}:
    context: "RoutesResolver"
[23:12:27.331] INFO (24092): Mapped {/auth/login, POST} route
    context: "RouterExplorer"
[23:12:27.331] INFO (24092): CustomersController {/customers}:
    context: "RoutesResolver"
[23:12:27.331] INFO (24092): Mapped {/customers, POST} route
    context: "RouterExplorer"
[23:12:27.331] INFO (24092): Mapped {/customers, GET} route
    context: "RouterExplorer"
[23:12:27.331] INFO (24092): Mapped {/customers/:id, GET} route
    context: "RouterExplorer"
[23:12:27.331] INFO (24092): Mapped {/customers/:id, PATCH} route
    context: "RouterExplorer"
[23:12:27.331] INFO (24092): Mapped {/customers/:id/status, POST} route
    context: "RouterExplorer"
[23:12:27.331] INFO (24092): Mapped {/customers/:id, DELETE} route
    context: "RouterExplorer"
[23:12:27.331] INFO (24092): LiquidityProvidersController {/liquidity-providers}:
    context: "RoutesResolver"
[23:12:27.331] INFO (24092): Mapped {/liquidity-providers, POST} route
    context: "RouterExplorer"
[23:12:27.331] INFO (24092): Mapped {/liquidity-providers, GET} route
    context: "RouterExplorer"
[23:12:27.331] INFO (24092): Mapped {/liquidity-providers/:id, GET} route
    context: "RouterExplorer"
[23:12:27.331] INFO (24092): Mapped {/liquidity-providers/:id/status, PATCH} route
    context: "RouterExplorer"
[23:12:27.331] INFO (24092): AssetsController {/assets}:
    context: "RoutesResolver"
[23:12:27.331] INFO (24092): Mapped {/assets, POST} route
    context: "RouterExplorer"
[23:12:27.331] INFO (24092): Mapped {/assets, GET} route
    context: "RouterExplorer"
[23:12:27.331] INFO (24092): Mapped {/assets/:id, GET} route
    context: "RouterExplorer"
[23:12:27.331] INFO (24092): Mapped {/assets/:id/status, PATCH} route
    context: "RouterExplorer"
[23:12:27.331] INFO (24092): LiquidityConfigController {/liquidity-configurations}:
    context: "RoutesResolver"
[23:12:27.331] INFO (24092): Mapped {/liquidity-configurations, POST} route
    context: "RouterExplorer"
[23:12:27.331] INFO (24092): Mapped {/liquidity-configurations, GET} route
    context: "RouterExplorer"
[23:12:27.331] INFO (24092): Mapped {/liquidity-configurations/available, GET} route
    context: "RouterExplorer"
[23:12:27.331] INFO (24092): Mapped {/liquidity-configurations/lp/:lpId, GET} route
    context: "RouterExplorer"
[23:12:27.331] INFO (24092): Mapped {/liquidity-configurations/:id, GET} route
    context: "RouterExplorer"
[23:12:27.331] INFO (24092): Mapped {/liquidity-configurations/:id, PUT} route
    context: "RouterExplorer"
[23:12:27.331] INFO (24092): Mapped {/liquidity-configurations/:id, DELETE} route
    context: "RouterExplorer"
[23:12:27.331] INFO (24092): Mapped {/liquidity-configurations/:id/status, PATCH} route
    context: "RouterExplorer"
[23:12:27.331] INFO (24092): WalletsController {/wallets}:
    context: "RoutesResolver"
[23:12:27.331] INFO (24092): Mapped {/wallets, POST} route
    context: "RouterExplorer"
[23:12:27.331] INFO (24092): Mapped {/wallets, GET} route
    context: "RouterExplorer"
[23:12:27.331] INFO (24092): Mapped {/wallets/:id, GET} route
    context: "RouterExplorer"
[23:12:27.331] INFO (24092): Mapped {/wallets/:id/status, PATCH} route
    context: "RouterExplorer"
[23:12:27.331] INFO (24092): PayinsController {/treasury/payins}:
    context: "RoutesResolver"
[23:12:27.331] INFO (24092): Mapped {/treasury/payins/simulate, POST} route
    context: "RouterExplorer"
[23:12:27.331] INFO (24092): Mapped {/treasury/payins, GET} route
    context: "RouterExplorer"
[23:12:27.331] INFO (24092): Mapped {/treasury/payins/:id, GET} route
    context: "RouterExplorer"
[23:12:27.331] INFO (24092): Mapped {/treasury/payins/:id/status, PATCH} route
    context: "RouterExplorer"
[23:12:27.331] INFO (24092): DepositTransactionsController {/deposit-transactions}:
    context: "RoutesResolver"
[23:12:27.331] INFO (24092): Mapped {/deposit-transactions, GET} route
    context: "RouterExplorer"
[23:12:27.331] INFO (24092): Mapped {/deposit-transactions/:id, GET} route
    context: "RouterExplorer"
[23:12:27.331] INFO (24092): Mapped {/deposit-transactions, POST} route
    context: "RouterExplorer"
[23:12:27.331] INFO (24092): Mapped {/deposit-transactions/:id/status, PATCH} route
    context: "RouterExplorer"
[23:12:27.331] INFO (24092): Mapped {/deposit-transactions/export, GET} route
    context: "RouterExplorer"
[23:12:27.331] INFO (24092): CoaController {/coa}:
    context: "RoutesResolver"
[23:12:27.331] INFO (24092): Mapped {/coa, POST} route
    context: "RouterExplorer"
[23:12:27.331] INFO (24092): Mapped {/coa, GET} route
    context: "RouterExplorer"
[23:12:27.331] INFO (24092): Mapped {/coa/:id, GET} route
    context: "RouterExplorer"
[23:12:27.331] INFO (24092): Mapped {/coa/:id, PATCH} route
    context: "RouterExplorer"
[23:12:27.331] INFO (24092): Mapped {/coa/:id, DELETE} route
    context: "RouterExplorer"
[23:12:27.331] INFO (24092): JournalsController {/journals}:
    context: "RoutesResolver"
[23:12:27.331] INFO (24092): Mapped {/journals, GET} route
    context: "RouterExplorer"
[23:12:27.331] INFO (24092): Mapped {/journals/:id, GET} route
    context: "RouterExplorer"
[23:12:27.331] INFO (24092): JournalLinesController {/journal-lines}:
    context: "RoutesResolver"
[23:12:27.331] INFO (24092): Mapped {/journal-lines, GET} route
    context: "RouterExplorer"
[23:12:27.331] INFO (24092): Mapped {/journal-lines/:id, GET} route
    context: "RouterExplorer"
[23:12:27.331] INFO (24092): AcctEventsController {/acct-events}:
    context: "RoutesResolver"
[23:12:27.331] INFO (24092): Mapped {/acct-events, POST} route
    context: "RouterExplorer"
[23:12:27.331] INFO (24092): Mapped {/acct-events, GET} route
    context: "RouterExplorer"
[23:12:27.331] INFO (24092): Mapped {/acct-events/:eventCode, GET} route
    context: "RouterExplorer"
[23:12:27.331] INFO (24092): Mapped {/acct-events/:eventCode, PATCH} route
    context: "RouterExplorer"
[23:12:27.331] INFO (24092): Mapped {/acct-events/:eventCode, DELETE} route
    context: "RouterExplorer"
[23:12:27.331] INFO (24092): JournalHeaderTemplatesController {/journal-header-templates}:
    context: "RoutesResolver"
[23:12:27.331] INFO (24092): Mapped {/journal-header-templates, POST} route
    context: "RouterExplorer"
[23:12:27.331] INFO (24092): Mapped {/journal-header-templates, GET} route
    context: "RouterExplorer"
[23:12:27.331] INFO (24092): Mapped {/journal-header-templates/:id, GET} route
    context: "RouterExplorer"
[23:12:27.331] INFO (24092): Mapped {/journal-header-templates/:id, PATCH} route
    context: "RouterExplorer"
[23:12:27.331] INFO (24092): Mapped {/journal-header-templates/:id, DELETE} route
    context: "RouterExplorer"
[23:12:27.331] INFO (24092): JournalLineTemplatesController {/journal-line-templates}:
    context: "RoutesResolver"
[23:12:27.331] INFO (24092): Mapped {/journal-line-templates, POST} route
    context: "RouterExplorer"
[23:12:27.331] INFO (24092): Mapped {/journal-line-templates, GET} route
    context: "RouterExplorer"
[23:12:27.331] INFO (24092): Mapped {/journal-line-templates/:id, GET} route
    context: "RouterExplorer"
[23:12:27.331] INFO (24092): Mapped {/journal-line-templates/:id, PATCH} route
    context: "RouterExplorer"
[23:12:27.331] INFO (24092): Mapped {/journal-line-templates/:id, DELETE} route
    context: "RouterExplorer"
[23:12:27.331] INFO (24092): DepositWorkflowService initialized and listening for events.
    context: "DepositWorkflowService"
[23:12:27.331] INFO (24092): Nest application successfully started
    context: "NestApplication"
[23:12:27.332] INFO (24092): Application running on port 3000
[23:12:43.035] INFO (24092): Simulating payin for wallet 12347b35-64f8-4a0e-a640-3f69dec32e75 (Type: crypto)
    req: {
      "id": 1,
      "method": "POST",
      "url": "/treasury/payins/simulate"
    }
    context: "PayinsService"
[23:12:43.039] INFO (24092): Emitting payin.created event for fcde689f-b65a-4939-85bb-689da25ca179
    req: {
      "id": 1,
      "method": "POST",
      "url": "/treasury/payins/simulate"
    }
    context: "PayinsService"
[23:12:43.039] INFO (24092): Event received: payin.created for fcde689f-b65a-4939-85bb-689da25ca179 status=DETECTED
    req: {
      "id": 1,
      "method": "POST",
      "url": "/treasury/payins/simulate"
    }
    context: "DepositWorkflowService"
[23:12:43.041] INFO (24092): request completed
    req: {
      "id": 1,
      "method": "POST",
      "url": "/treasury/payins/simulate"
    }
    res: {
      "statusCode": 201,
      "headers": {
        "x-powered-by": "Express",
        "vary": "Origin",
        "access-control-allow-credentials": "true",
        "content-type": "application/json; charset=utf-8",
        "content-length": "840",
        "etag": "W/\"348-JaXRppwT3X1T0IABMnFqLPBgpJ4\""
      }
    }
    responseTime: 8
[23:12:43.042] INFO (24092): Creating deposit for payin fcde689f-b65a-4939-85bb-689da25ca179
    req: {
      "id": 1,
      "method": "POST",
      "url": "/treasury/payins/simulate"
    }
    context: "DepositWorkflowService"
[23:14:36.181] INFO (24092): request completed
    req: {
      "id": 2,
      "method": "GET",
      "url": "/customers?"
    }
    res: {
      "statusCode": 304,
      "headers": {
        "x-powered-by": "Express",
        "access-control-allow-origin": "http://localhost:3001",
        "vary": "Origin",
        "access-control-allow-credentials": "true",
        "etag": "W/\"1a45-ORtzO1DYwflMeaOhjChQ9nbGxQA\""
      }
    }
    responseTime: 5
[23:14:36.184] INFO (24092): request completed
    req: {
      "id": 3,
      "method": "GET",
      "url": "/customers?"
    }
    res: {
      "statusCode": 304,
      "headers": {
        "x-powered-by": "Express",
        "access-control-allow-origin": "http://localhost:3001",
        "vary": "Origin",
        "access-control-allow-credentials": "true",
        "etag": "W/\"1a45-ORtzO1DYwflMeaOhjChQ9nbGxQA\""
      }
    }
    responseTime: 2
[23:15:13.008] INFO (24092): request completed
    req: {
      "id": 4,
      "method": "GET",
      "url": "/customers/552cd3d9-97cf-4636-9061-5015107bf68f"
    }
    res: {
      "statusCode": 304,
      "headers": {
        "x-powered-by": "Express",
        "access-control-allow-origin": "http://localhost:3002",
        "vary": "Origin",
        "access-control-allow-credentials": "true",
        "etag": "W/\"2ad-j5hbXGBnPiQOZ3bQ/DKp3FNblOQ\""
      }
    }
    responseTime: 1
[23:15:13.010] INFO (24092): request completed
    req: {
      "id": 5,
      "method": "GET",
      "url": "/customers/552cd3d9-97cf-4636-9061-5015107bf68f"
    }
    res: {
      "statusCode": 304,
      "headers": {
        "x-powered-by": "Express",
        "access-control-allow-origin": "http://localhost:3002",
        "vary": "Origin",
        "access-control-allow-credentials": "true",
        "etag": "W/\"2ad-j5hbXGBnPiQOZ3bQ/DKp3FNblOQ\""
      }
    }
    responseTime: 1
Client connected: F9djdqDLoH62mBvLAAAC joined customer_552cd3d9-97cf-4636-9061-5015107bf68f
Client disconnected: F9djdqDLoH62mBvLAAAC
Client connected: k7OrfG3F17TbgkDEAAAF joined customer_552cd3d9-97cf-4636-9061-5015107bf68f
[23:24:49.645] INFO (24092): request completed
    req: {
      "id": 6,
      "method": "GET",
      "url": "/customers/552cd3d9-97cf-4636-9061-5015107bf68f"
    }
    res: {
      "statusCode": 304,
      "headers": {
        "x-powered-by": "Express",
        "access-control-allow-origin": "http://localhost:3002",
        "vary": "Origin",
        "access-control-allow-credentials": "true",
        "etag": "W/\"2ad-j5hbXGBnPiQOZ3bQ/DKp3FNblOQ\""
      }
    }
    responseTime: 9
[23:24:49.649] INFO (24092): request completed
    req: {
      "id": 7,
      "method": "GET",
      "url": "/customers/552cd3d9-97cf-4636-9061-5015107bf68f"
    }
    res: {
      "statusCode": 304,
      "headers": {
        "x-powered-by": "Express",
        "access-control-allow-origin": "http://localhost:3002",
        "vary": "Origin",
        "access-control-allow-credentials": "true",
        "etag": "W/\"2ad-j5hbXGBnPiQOZ3bQ/DKp3FNblOQ\""
      }
    }
    responseTime: 2
[23:26:26.124] INFO (24092): request completed
    req: {
      "id": 8,
      "method": "POST",
      "url": "/auth/customer/login"
    }
    res: {
      "statusCode": 200,
      "headers": {
        "x-powered-by": "Express",
        "access-control-allow-origin": "http://localhost:3002",
        "vary": "Origin",
        "access-control-allow-credentials": "true",
        "content-type": "application/json; charset=utf-8",
        "content-length": "409",
        "etag": "W/\"199-SmeLVzVYH1myHkYvTrmKswYKfqw\""
      }
    }
    responseTime: 72
[23:26:26.143] INFO (24092): request completed
    req: {
      "id": 9,
      "method": "GET",
      "url": "/customers/552cd3d9-97cf-4636-9061-5015107bf68f"
    }
    res: {
      "statusCode": 200,
      "headers": {
        "x-powered-by": "Express",
        "access-control-allow-origin": "http://localhost:3002",
        "vary": "Origin",
        "access-control-allow-credentials": "true",
        "content-type": "application/json; charset=utf-8",
        "content-length": "685",
        "etag": "W/\"2ad-lLFNcs9903szi2nIiJbw4rHg7hk\""
      }
    }
    responseTime: 1
Client connected: kEaDPEdwVBIjFoxiAAAI joined customer_552cd3d9-97cf-4636-9061-5015107bf68f
[23:26:26.146] INFO (24092): request completed
    req: {
      "id": 10,
      "method": "GET",
      "url": "/customers/552cd3d9-97cf-4636-9061-5015107bf68f"
    }
    res: {
      "statusCode": 304,
      "headers": {
        "x-powered-by": "Express",
        "access-control-allow-origin": "http://localhost:3002",
        "vary": "Origin",
        "access-control-allow-credentials": "true",
        "etag": "W/\"2ad-lLFNcs9903szi2nIiJbw4rHg7hk\""
      }
    }
    responseTime: 1
Client disconnected: kEaDPEdwVBIjFoxiAAAI
[23:26:28.024] INFO (24092): request completed
    req: {
      "id": 11,
      "method": "GET",
      "url": "/assets?status=ACTIVE"
    }
    res: {
      "statusCode": 304,
      "headers": {
        "x-powered-by": "Express",
        "access-control-allow-origin": "http://localhost:3002",
        "vary": "Origin",
        "access-control-allow-credentials": "true",
        "etag": "W/\"496-oS6bh6gwrQgVx2SpzizemqiaxRY\""
      }
    }
    responseTime: 3
[23:26:28.026] INFO (24092): request completed
    req: {
      "id": 12,
      "method": "GET",
      "url": "/assets?status=ACTIVE"
    }
    res: {
      "statusCode": 304,
      "headers": {
        "x-powered-by": "Express",
        "access-control-allow-origin": "http://localhost:3002",
        "vary": "Origin",
        "access-control-allow-credentials": "true",
        "etag": "W/\"496-oS6bh6gwrQgVx2SpzizemqiaxRY\""
      }
    }
    responseTime: 1
[23:26:30.864] INFO (24092): request completed
    req: {
      "id": 13,
      "method": "GET",
      "url": "/wallets?ownerType=CUSTOMER&ownerId=552cd3d9-97cf-4636-9061-5015107bf68f"
    }
    res: {
      "statusCode": 200,
      "headers": {
        "x-powered-by": "Express",
        "access-control-allow-origin": "http://localhost:3002",
        "vary": "Origin",
        "access-control-allow-credentials": "true",
        "content-type": "application/json; charset=utf-8",
        "content-length": "600",
        "etag": "W/\"258-yQKm7X9hEM3eKKQTWOUaTJsZEoo\""
      }
    }
    responseTime: 3
[23:26:31.974] INFO (24092): Simulating payin for wallet 12347b35-64f8-4a0e-a640-3f69dec32e75 (Type: crypto)
    req: {
      "id": 14,
      "method": "POST",
      "url": "/treasury/payins/simulate"
    }
    context: "PayinsService"
[23:26:31.978] INFO (24092): Emitting payin.created event for fc52223a-42ed-4808-a069-9b1f42969305
    req: {
      "id": 14,
      "method": "POST",
      "url": "/treasury/payins/simulate"
    }
    context: "PayinsService"
[23:26:31.979] INFO (24092): Event received: payin.created for fc52223a-42ed-4808-a069-9b1f42969305 status=DETECTED
    req: {
      "id": 14,
      "method": "POST",
      "url": "/treasury/payins/simulate"
    }
    context: "DepositWorkflowService"
[23:26:31.979] INFO (24092): request completed
    req: {
      "id": 14,
      "method": "POST",
      "url": "/treasury/payins/simulate"
    }
    res: {
      "statusCode": 201,
      "headers": {
        "x-powered-by": "Express",
        "access-control-allow-origin": "http://localhost:3002",
        "vary": "Origin",
        "access-control-allow-credentials": "true",
        "content-type": "application/json; charset=utf-8",
        "content-length": "841",
        "etag": "W/\"349-6hezmVNQsrERlJ8TwlVg98dGd9o\""
      }
    }
    responseTime: 6
[23:26:31.981] INFO (24092): Creating deposit for payin fc52223a-42ed-4808-a069-9b1f42969305
    req: {
      "id": 14,
      "method": "POST",
      "url": "/treasury/payins/simulate"
    }
    context: "DepositWorkflowService"
Client disconnected: k7OrfG3F17TbgkDEAAAF
[23:26:34.242] INFO (24092): request completed
    req: {
      "id": 15,
      "method": "GET",
      "url": "/customers?"
    }
    res: {
      "statusCode": 200,
      "headers": {
        "x-powered-by": "Express",
        "access-control-allow-origin": "http://localhost:3001",
        "vary": "Origin",
        "access-control-allow-credentials": "true",
        "content-type": "application/json; charset=utf-8",
        "content-length": "6725",
        "etag": "W/\"1a45-oxKfGAYTvTrBzLhdkdaSKtDkmTI\""
      }
    }
    responseTime: 2
[23:26:34.244] INFO (24092): request completed
    req: {
      "id": 16,
      "method": "GET",
      "url": "/customers?"
    }
    res: {
      "statusCode": 304,
      "headers": {
        "x-powered-by": "Express",
        "access-control-allow-origin": "http://localhost:3001",
        "vary": "Origin",
        "access-control-allow-credentials": "true",
        "etag": "W/\"1a45-oxKfGAYTvTrBzLhdkdaSKtDkmTI\""
      }
    }
    responseTime: 1
[23:26:35.325] INFO (24092): request completed
    req: {
      "id": 17,
      "method": "GET",
      "url": "/deposit-transactions?"
    }
    res: {
      "statusCode": 200,
      "headers": {
        "x-powered-by": "Express",
        "access-control-allow-origin": "http://localhost:3001",
        "vary": "Origin",
        "access-control-allow-credentials": "true",
        "content-type": "application/json; charset=utf-8",
        "content-length": "2728",
        "etag": "W/\"aa8-G5MAkOQx23TByUxCoJty4whmHgw\""
      }
    }
    responseTime: 3
[23:26:35.327] INFO (24092): request completed
    req: {
      "id": 18,
      "method": "GET",
      "url": "/deposit-transactions?"
    }
    res: {
      "statusCode": 304,
      "headers": {
        "x-powered-by": "Express",
        "access-control-allow-origin": "http://localhost:3001",
        "vary": "Origin",
        "access-control-allow-credentials": "true",
        "etag": "W/\"aa8-G5MAkOQx23TByUxCoJty4whmHgw\""
      }
    }
    responseTime: 1
[23:26:42.424] INFO (24092): request completed
    req: {
      "id": 19,
      "method": "GET",
      "url": "/treasury/payins?"
    }
    res: {
      "statusCode": 200,
      "headers": {
        "x-powered-by": "Express",
        "access-control-allow-origin": "http://localhost:3001",
        "vary": "Origin",
        "access-control-allow-credentials": "true",
        "content-type": "application/json; charset=utf-8",
        "content-length": "8554",
        "etag": "W/\"216a-NFuW0I3ENcYTK922qn1P3v6fwwU\""
      }
    }
    responseTime: 3
[23:26:42.428] INFO (24092): request completed
    req: {
      "id": 20,
      "method": "GET",
      "url": "/treasury/payins?"
    }
    res: {
      "statusCode": 304,
      "headers": {
        "x-powered-by": "Express",
        "access-control-allow-origin": "http://localhost:3001",
        "vary": "Origin",
        "access-control-allow-credentials": "true",
        "etag": "W/\"216a-NFuW0I3ENcYTK922qn1P3v6fwwU\""
      }
    }
    responseTime: 3
[23:26:43.802] INFO (24092): request completed
    req: {
      "id": 21,
      "method": "GET",
      "url": "/journals?skip=0&take=10&sortBy=createdAt&sortOrder=desc"
    }
    res: {
      "statusCode": 200,
      "headers": {
        "x-powered-by": "Express",
        "access-control-allow-origin": "http://localhost:3001",
        "vary": "Origin",
        "access-control-allow-credentials": "true",
        "content-type": "application/json; charset=utf-8",
        "content-length": "22",
        "etag": "W/\"16-IfdoExwkJFY0ev5dtvGKgtFEuV8\""
      }
    }
    responseTime: 4
[23:26:43.805] INFO (24092): request completed
    req: {
      "id": 22,
      "method": "GET",
      "url": "/journals?skip=0&take=10&sortBy=createdAt&sortOrder=desc"
    }
    res: {
      "statusCode": 304,
      "headers": {
        "x-powered-by": "Express",
        "access-control-allow-origin": "http://localhost:3001",
        "vary": "Origin",
        "access-control-allow-credentials": "true",
        "etag": "W/\"16-IfdoExwkJFY0ev5dtvGKgtFEuV8\""
      }
    }
    responseTime: 2
[23:26:44.917] INFO (24092): request completed
    req: {
      "id": 23,
      "method": "GET",
      "url": "/treasury/payins?"
    }
    res: {
      "statusCode": 304,
      "headers": {
        "x-powered-by": "Express",
        "access-control-allow-origin": "http://localhost:3001",
        "vary": "Origin",
        "access-control-allow-credentials": "true",
        "etag": "W/\"216a-NFuW0I3ENcYTK922qn1P3v6fwwU\""
      }
    }
    responseTime: 2
[23:26:44.919] INFO (24092): request completed
    req: {
      "id": 24,
      "method": "GET",
      "url": "/treasury/payins?"
    }
    res: {
      "statusCode": 304,
      "headers": {
        "x-powered-by": "Express",
        "access-control-allow-origin": "http://localhost:3001",
        "vary": "Origin",
        "access-control-allow-credentials": "true",
        "etag": "W/\"216a-NFuW0I3ENcYTK922qn1P3v6fwwU\""
      }
    }
    responseTime: 1
[23:26:54.597] INFO (24092): Transitioning payin fc52223a-42ed-4808-a069-9b1f42969305 from DETECTED to CONFIRMING via action block
    req: {
      "id": 25,
      "method": "PATCH",
      "url": "/treasury/payins/fc52223a-42ed-4808-a069-9b1f42969305/status"
    }
    context: "PayinsService"
[23:26:54.599] INFO (24092): Handling payin status change: fc52223a-42ed-4808-a069-9b1f42969305 DETECTED -> CONFIRMING
    req: {
      "id": 25,
      "method": "PATCH",
      "url": "/treasury/payins/fc52223a-42ed-4808-a069-9b1f42969305/status"
    }
    context: "DepositWorkflowService"
[23:26:54.599] INFO (24092): request completed
    req: {
      "id": 25,
      "method": "PATCH",
      "url": "/treasury/payins/fc52223a-42ed-4808-a069-9b1f42969305/status"
    }
    res: {
      "statusCode": 200,
      "headers": {
        "x-powered-by": "Express",
        "access-control-allow-origin": "http://localhost:3001",
        "vary": "Origin",
        "access-control-allow-credentials": "true",
        "content-type": "application/json; charset=utf-8",
        "content-length": "877",
        "etag": "W/\"36d-oMF7fsMgqxyRYcX94QURv3u6Lyg\""
      }
    }
    responseTime: 4
[23:26:54.615] INFO (24092): request completed
    req: {
      "id": 26,
      "method": "GET",
      "url": "/treasury/payins?"
    }
    res: {
      "statusCode": 200,
      "headers": {
        "x-powered-by": "Express",
        "access-control-allow-origin": "http://localhost:3001",
        "vary": "Origin",
        "access-control-allow-credentials": "true",
        "content-type": "application/json; charset=utf-8",
        "content-length": "8556",
        "etag": "W/\"216c-zSt3iQvlBMtQ4oxtuYUUZSp6o08\""
      }
    }
    responseTime: 3
[23:26:57.239] INFO (24092): Transitioning payin fc52223a-42ed-4808-a069-9b1f42969305 from CONFIRMING to CONFIRMED via action confirm
    req: {
      "id": 27,
      "method": "PATCH",
      "url": "/treasury/payins/fc52223a-42ed-4808-a069-9b1f42969305/status"
    }
    context: "PayinsService"
[23:26:57.243] INFO (24092): Handling payin status change: fc52223a-42ed-4808-a069-9b1f42969305 CONFIRMING -> CONFIRMED
    req: {
      "id": 27,
      "method": "PATCH",
      "url": "/treasury/payins/fc52223a-42ed-4808-a069-9b1f42969305/status"
    }
    context: "DepositWorkflowService"
[23:26:57.244] INFO (24092): request completed
    req: {
      "id": 27,
      "method": "PATCH",
      "url": "/treasury/payins/fc52223a-42ed-4808-a069-9b1f42969305/status"
    }
    res: {
      "statusCode": 200,
      "headers": {
        "x-powered-by": "Express",
        "access-control-allow-origin": "http://localhost:3001",
        "vary": "Origin",
        "access-control-allow-credentials": "true",
        "content-type": "application/json; charset=utf-8",
        "content-length": "876",
        "etag": "W/\"36c-SHPXtsa0HM2lkrCKWcSujj5I3/E\""
      }
    }
    responseTime: 8
[23:26:57.247] INFO (24092): EVT_DEPOSIT_CONFIRMED__CRYPTO: depositId=ebcf64cf-7c4e-46f1-a7c6-b2c267a2626a
    req: {
      "id": 27,
      "method": "PATCH",
      "url": "/treasury/payins/fc52223a-42ed-4808-a069-9b1f42969305/status"
    }
    context: "DepositWorkflowService"
[23:26:57.249] INFO (24092): Creating journal entry for deposit ebcf64cf-7c4e-46f1-a7c6-b2c267a2626a event EVT_DEPOSIT_CONFIRMED__CRYPTO
    req: {
      "id": 27,
      "method": "PATCH",
      "url": "/treasury/payins/fc52223a-42ed-4808-a069-9b1f42969305/status"
    }
    context: "JournalsService"
[23:26:57.263] INFO (24092): request completed
    req: {
      "id": 28,
      "method": "GET",
      "url": "/treasury/payins?"
    }
    res: {
      "statusCode": 200,
      "headers": {
        "x-powered-by": "Express",
        "access-control-allow-origin": "http://localhost:3001",
        "vary": "Origin",
        "access-control-allow-credentials": "true",
        "content-type": "application/json; charset=utf-8",
        "content-length": "8555",
        "etag": "W/\"216b-mXznH+GO2Qws8AcBqBaO0mb1WmA\""
      }
    }
    responseTime: 2
[23:27:00.050] INFO (24092): request completed
    req: {
      "id": 29,
      "method": "GET",
      "url": "/journals?skip=0&take=10&sortBy=createdAt&sortOrder=desc"
    }
    res: {
      "statusCode": 200,
      "headers": {
        "x-powered-by": "Express",
        "access-control-allow-origin": "http://localhost:3001",
        "vary": "Origin",
        "access-control-allow-credentials": "true",
        "content-type": "application/json; charset=utf-8",
        "content-length": "459",
        "etag": "W/\"1cb-I2yUL/ZdN+RHdpmSO6b7bO+ZShQ\""
      }
    }
    responseTime: 1
[23:27:00.051] INFO (24092): request completed
    req: {
      "id": 30,
      "method": "GET",
      "url": "/journals?skip=0&take=10&sortBy=createdAt&sortOrder=desc"
    }
    res: {
      "statusCode": 304,
      "headers": {
        "x-powered-by": "Express",
        "access-control-allow-origin": "http://localhost:3001",
        "vary": "Origin",
        "access-control-allow-credentials": "true",
        "etag": "W/\"1cb-I2yUL/ZdN+RHdpmSO6b7bO+ZShQ\""
      }
    }
    responseTime: 1
[23:27:02.736] INFO (24092): request completed
    req: {
      "id": 31,
      "method": "GET",
      "url": "/journals/db2d6076-2d49-4b1f-a087-ee3e2ad0b895"
    }
    res: {
      "statusCode": 200,
      "headers": {
        "x-powered-by": "Express",
        "access-control-allow-origin": "http://localhost:3001",
        "vary": "Origin",
        "access-control-allow-credentials": "true",
        "content-type": "application/json; charset=utf-8",
        "content-length": "642",
        "etag": "W/\"282-wnKyJnAlwFDcLXWQ4cQ2lpeT//8\""
      }
    }
    responseTime: 2
[23:27:02.738] INFO (24092): request completed
    req: {
      "id": 32,
      "method": "GET",
      "url": "/journals/db2d6076-2d49-4b1f-a087-ee3e2ad0b895"
    }
    res: {
      "statusCode": 304,
      "headers": {
        "x-powered-by": "Express",
        "access-control-allow-origin": "http://localhost:3001",
        "vary": "Origin",
        "access-control-allow-credentials": "true",
        "etag": "W/\"282-wnKyJnAlwFDcLXWQ4cQ2lpeT//8\""
      }
    }
    responseTime: 1
[23:27:05.260] INFO (24092): request completed
    req: {
      "id": 33,
      "method": "GET",
      "url": "/journals?skip=0&take=10&sortBy=createdAt&sortOrder=desc"
    }
    res: {
      "statusCode": 304,
      "headers": {
        "x-powered-by": "Express",
        "access-control-allow-origin": "http://localhost:3001",
        "vary": "Origin",
        "access-control-allow-credentials": "true",
        "etag": "W/\"1cb-I2yUL/ZdN+RHdpmSO6b7bO+ZShQ\""
      }
    }
    responseTime: 1
[23:27:05.262] INFO (24092): request completed
    req: {
      "id": 34,
      "method": "GET",
      "url": "/journals?skip=0&take=10&sortBy=createdAt&sortOrder=desc"
    }
    res: {
      "statusCode": 304,
      "headers": {
        "x-powered-by": "Express",
        "access-control-allow-origin": "http://localhost:3001",
        "vary": "Origin",
        "access-control-allow-credentials": "true",
        "etag": "W/\"1cb-I2yUL/ZdN+RHdpmSO6b7bO+ZShQ\""
      }
    }
    responseTime: 1
[23:27:06.275] INFO (24092): request completed
    req: {
      "id": 35,
      "method": "GET",
      "url": "/journal-lines?skip=0&take=10&sortBy=createdAt&sortOrder=desc"
    }
    res: {
      "statusCode": 200,
      "headers": {
        "x-powered-by": "Express",
        "access-control-allow-origin": "http://localhost:3001",
        "vary": "Origin",
        "access-control-allow-credentials": "true",
        "content-type": "application/json; charset=utf-8",
        "content-length": "22",
        "etag": "W/\"16-IfdoExwkJFY0ev5dtvGKgtFEuV8\""
      }
    }
    responseTime: 2
[23:27:06.277] INFO (24092): request completed
    req: {
      "id": 36,
      "method": "GET",
      "url": "/journal-lines?skip=0&take=10&sortBy=createdAt&sortOrder=desc"
    }
    res: {
      "statusCode": 304,
      "headers": {
        "x-powered-by": "Express",
        "access-control-allow-origin": "http://localhost:3001",
        "vary": "Origin",
        "access-control-allow-credentials": "true",
        "etag": "W/\"16-IfdoExwkJFY0ev5dtvGKgtFEuV8\""
      }
    }
    responseTime: 2
[23:27:09.026] INFO (24092): request completed
    req: {
      "id": 37,
      "method": "GET",
      "url": "/journals?skip=0&take=10&sortBy=createdAt&sortOrder=desc"
    }
    res: {
      "statusCode": 304,
      "headers": {
        "x-powered-by": "Express",
        "access-control-allow-origin": "http://localhost:3001",
        "vary": "Origin",
        "access-control-allow-credentials": "true",
        "etag": "W/\"1cb-I2yUL/ZdN+RHdpmSO6b7bO+ZShQ\""
      }
    }
    responseTime: 2
[23:27:09.028] INFO (24092): request completed
    req: {
      "id": 38,
      "method": "GET",
      "url": "/journals?skip=0&take=10&sortBy=createdAt&sortOrder=desc"
    }
    res: {
      "statusCode": 304,
      "headers": {
        "x-powered-by": "Express",
        "access-control-allow-origin": "http://localhost:3001",
        "vary": "Origin",
        "access-control-allow-credentials": "true",
        "etag": "W/\"1cb-I2yUL/ZdN+RHdpmSO6b7bO+ZShQ\""
      }
    }
    responseTime: 1
[23:27:18.481] INFO (24092): request completed
    req: {
      "id": 39,
      "method": "GET",
      "url": "/journal-header-templates?skip=0&take=10"
    }
    res: {
      "statusCode": 304,
      "headers": {
        "x-powered-by": "Express",
        "access-control-allow-origin": "http://localhost:3001",
        "vary": "Origin",
        "access-control-allow-credentials": "true",
        "etag": "W/\"126f-u2L5g0s+roWuLWk2BPwMEXbUyMk\""
      }
    }
    responseTime: 5
[23:27:18.483] INFO (24092): request completed
    req: {
      "id": 40,
      "method": "GET",
      "url": "/journal-header-templates?skip=0&take=10"
    }
    res: {
      "statusCode": 304,
      "headers": {
        "x-powered-by": "Express",
        "access-control-allow-origin": "http://localhost:3001",
        "vary": "Origin",
        "access-control-allow-credentials": "true",
        "etag": "W/\"126f-u2L5g0s+roWuLWk2BPwMEXbUyMk\""
      }
    }
    responseTime: 1
[23:27:23.412] INFO (24092): request completed
    req: {
      "id": 41,
      "method": "GET",
      "url": "/journal-line-templates?templateId=531ed2da-5098-474a-9406-36c6ce33b099"
    }
    res: {
      "statusCode": 304,
      "headers": {
        "x-powered-by": "Express",
        "access-control-allow-origin": "http://localhost:3001",
        "vary": "Origin",
        "access-control-allow-credentials": "true",
        "etag": "W/\"4ba-W277PjQgZYjU08rT8qoMHzoYOr0\""
      }
    }
    responseTime: 3
[23:27:23.414] INFO (24092): request completed
    req: {
      "id": 42,
      "method": "GET",
      "url": "/journal-line-templates?templateId=531ed2da-5098-474a-9406-36c6ce33b099"
    }
    res: {
      "statusCode": 304,
      "headers": {
        "x-powered-by": "Express",
        "access-control-allow-origin": "http://localhost:3001",
        "vary": "Origin",
        "access-control-allow-credentials": "true",
        "etag": "W/\"4ba-W277PjQgZYjU08rT8qoMHzoYOr0\""
      }
    }
    responseTime: 2
[23:27:27.002] INFO (24092): request completed
    req: {
      "id": 43,
      "method": "GET",
      "url": "/journal-header-templates?skip=0&take=10"
    }
    res: {
      "statusCode": 304,
      "headers": {
        "x-powered-by": "Express",
        "access-control-allow-origin": "http://localhost:3001",
        "vary": "Origin",
        "access-control-allow-credentials": "true",
        "etag": "W/\"126f-u2L5g0s+roWuLWk2BPwMEXbUyMk\""
      }
    }
    responseTime: 1
[23:27:27.004] INFO (24092): request completed
    req: {
      "id": 44,
      "method": "GET",
      "url": "/journal-header-templates?skip=0&take=10"
    }
    res: {
      "statusCode": 304,
      "headers": {
        "x-powered-by": "Express",
        "access-control-allow-origin": "http://localhost:3001",
        "vary": "Origin",
        "access-control-allow-credentials": "true",
        "etag": "W/\"126f-u2L5g0s+roWuLWk2BPwMEXbUyMk\""
      }
    }
    responseTime: 1
[2J[3J[H[[90m23:28:59[0m] File change detected. Starting incremental compilation...

[[90m23:28:59[0m] Found 0 errors. Watching for file changes.

CustomersService initialized with NotificationsGateway
[23:29:00.411] INFO (28004): Starting Nest application...
    context: "NestFactory"
[23:29:00.411] INFO (28004): AppModule dependencies initialized
    context: "InstanceLoader"
[23:29:00.411] INFO (28004): PrismaModule dependencies initialized
    context: "InstanceLoader"
[23:29:00.411] INFO (28004): PassportModule dependencies initialized
    context: "InstanceLoader"
[23:29:00.411] INFO (28004): NotificationsModule dependencies initialized
    context: "InstanceLoader"
[23:29:00.411] INFO (28004): ConfigHostModule dependencies initialized
    context: "InstanceLoader"
[23:29:00.411] INFO (28004): JwtModule dependencies initialized
    context: "InstanceLoader"
[23:29:00.411] INFO (28004): DiscoveryModule dependencies initialized
    context: "InstanceLoader"
[23:29:00.411] INFO (28004): ConfigModule dependencies initialized
    context: "InstanceLoader"
[23:29:00.411] INFO (28004): EventEmitterModule dependencies initialized
    context: "InstanceLoader"
[23:29:00.411] INFO (28004): WorkflowsModule dependencies initialized
    context: "InstanceLoader"
[23:29:00.411] INFO (28004): LoggerModule dependencies initialized
    context: "InstanceLoader"
[23:29:00.411] INFO (28004): CoaModule dependencies initialized
    context: "InstanceLoader"
[23:29:00.411] INFO (28004): JournalsModule dependencies initialized
    context: "InstanceLoader"
[23:29:00.411] INFO (28004): JournalLinesModule dependencies initialized
    context: "InstanceLoader"
[23:29:00.411] INFO (28004): AcctEventsModule dependencies initialized
    context: "InstanceLoader"
[23:29:00.411] INFO (28004): JournalHeaderTemplatesModule dependencies initialized
    context: "InstanceLoader"
[23:29:00.411] INFO (28004): JournalLineTemplatesModule dependencies initialized
    context: "InstanceLoader"
[23:29:00.411] INFO (28004): AuthModule dependencies initialized
    context: "InstanceLoader"
[23:29:00.411] INFO (28004): UsersModule dependencies initialized
    context: "InstanceLoader"
[23:29:00.411] INFO (28004): LiquidityProvidersModule dependencies initialized
    context: "InstanceLoader"
[23:29:00.411] INFO (28004): AssetsModule dependencies initialized
    context: "InstanceLoader"
[23:29:00.411] INFO (28004): LiquidityConfigModule dependencies initialized
    context: "InstanceLoader"
[23:29:00.411] INFO (28004): WalletsModule dependencies initialized
    context: "InstanceLoader"
[23:29:00.411] INFO (28004): CustomersModule dependencies initialized
    context: "InstanceLoader"
[23:29:00.411] INFO (28004): PayinsModule dependencies initialized
    context: "InstanceLoader"
[23:29:00.411] INFO (28004): DepositTransactionsModule dependencies initialized
    context: "InstanceLoader"
[23:29:00.411] INFO (28004): UsersController {/users}:
    context: "RoutesResolver"
[23:29:00.411] INFO (28004): Mapped {/users, GET} route
    context: "RouterExplorer"
[23:29:00.411] INFO (28004): CustomerAuthController {/auth/customer}:
    context: "RoutesResolver"
[23:29:00.411] INFO (28004): Mapped {/auth/customer/register, POST} route
    context: "RouterExplorer"
[23:29:00.411] INFO (28004): Mapped {/auth/customer/login, POST} route
    context: "RouterExplorer"
[23:29:00.411] INFO (28004): AuthController {/auth}:
    context: "RoutesResolver"
[23:29:00.411] INFO (28004): Mapped {/auth/login, POST} route
    context: "RouterExplorer"
[23:29:00.411] INFO (28004): CustomersController {/customers}:
    context: "RoutesResolver"
[23:29:00.411] INFO (28004): Mapped {/customers, POST} route
    context: "RouterExplorer"
[23:29:00.411] INFO (28004): Mapped {/customers, GET} route
    context: "RouterExplorer"
[23:29:00.411] INFO (28004): Mapped {/customers/:id, GET} route
    context: "RouterExplorer"
[23:29:00.411] INFO (28004): Mapped {/customers/:id, PATCH} route
    context: "RouterExplorer"
[23:29:00.411] INFO (28004): Mapped {/customers/:id/status, POST} route
    context: "RouterExplorer"
[23:29:00.411] INFO (28004): Mapped {/customers/:id, DELETE} route
    context: "RouterExplorer"
[23:29:00.411] INFO (28004): LiquidityProvidersController {/liquidity-providers}:
    context: "RoutesResolver"
[23:29:00.411] INFO (28004): Mapped {/liquidity-providers, POST} route
    context: "RouterExplorer"
[23:29:00.411] INFO (28004): Mapped {/liquidity-providers, GET} route
    context: "RouterExplorer"
[23:29:00.411] INFO (28004): Mapped {/liquidity-providers/:id, GET} route
    context: "RouterExplorer"
[23:29:00.411] INFO (28004): Mapped {/liquidity-providers/:id/status, PATCH} route
    context: "RouterExplorer"
[23:29:00.411] INFO (28004): AssetsController {/assets}:
    context: "RoutesResolver"
[23:29:00.411] INFO (28004): Mapped {/assets, POST} route
    context: "RouterExplorer"
[23:29:00.411] INFO (28004): Mapped {/assets, GET} route
    context: "RouterExplorer"
[23:29:00.411] INFO (28004): Mapped {/assets/:id, GET} route
    context: "RouterExplorer"
[23:29:00.411] INFO (28004): Mapped {/assets/:id/status, PATCH} route
    context: "RouterExplorer"
[23:29:00.411] INFO (28004): LiquidityConfigController {/liquidity-configurations}:
    context: "RoutesResolver"
[23:29:00.411] INFO (28004): Mapped {/liquidity-configurations, POST} route
    context: "RouterExplorer"
[23:29:00.411] INFO (28004): Mapped {/liquidity-configurations, GET} route
    context: "RouterExplorer"
[23:29:00.411] INFO (28004): Mapped {/liquidity-configurations/available, GET} route
    context: "RouterExplorer"
[23:29:00.411] INFO (28004): Mapped {/liquidity-configurations/lp/:lpId, GET} route
    context: "RouterExplorer"
[23:29:00.411] INFO (28004): Mapped {/liquidity-configurations/:id, GET} route
    context: "RouterExplorer"
[23:29:00.411] INFO (28004): Mapped {/liquidity-configurations/:id, PUT} route
    context: "RouterExplorer"
[23:29:00.411] INFO (28004): Mapped {/liquidity-configurations/:id, DELETE} route
    context: "RouterExplorer"
[23:29:00.411] INFO (28004): Mapped {/liquidity-configurations/:id/status, PATCH} route
    context: "RouterExplorer"
[23:29:00.411] INFO (28004): WalletsController {/wallets}:
    context: "RoutesResolver"
[23:29:00.411] INFO (28004): Mapped {/wallets, POST} route
    context: "RouterExplorer"
[23:29:00.411] INFO (28004): Mapped {/wallets, GET} route
    context: "RouterExplorer"
[23:29:00.411] INFO (28004): Mapped {/wallets/:id, GET} route
    context: "RouterExplorer"
[23:29:00.411] INFO (28004): Mapped {/wallets/:id/status, PATCH} route
    context: "RouterExplorer"
[23:29:00.411] INFO (28004): PayinsController {/treasury/payins}:
    context: "RoutesResolver"
[23:29:00.411] INFO (28004): Mapped {/treasury/payins/simulate, POST} route
    context: "RouterExplorer"
[23:29:00.411] INFO (28004): Mapped {/treasury/payins, GET} route
    context: "RouterExplorer"
[23:29:00.411] INFO (28004): Mapped {/treasury/payins/:id, GET} route
    context: "RouterExplorer"
[23:29:00.411] INFO (28004): Mapped {/treasury/payins/:id/status, PATCH} route
    context: "RouterExplorer"
[23:29:00.411] INFO (28004): DepositTransactionsController {/deposit-transactions}:
    context: "RoutesResolver"
[23:29:00.411] INFO (28004): Mapped {/deposit-transactions, GET} route
    context: "RouterExplorer"
[23:29:00.411] INFO (28004): Mapped {/deposit-transactions/:id, GET} route
    context: "RouterExplorer"
[23:29:00.411] INFO (28004): Mapped {/deposit-transactions, POST} route
    context: "RouterExplorer"
[23:29:00.411] INFO (28004): Mapped {/deposit-transactions/:id/status, PATCH} route
    context: "RouterExplorer"
[23:29:00.411] INFO (28004): Mapped {/deposit-transactions/export, GET} route
    context: "RouterExplorer"
[23:29:00.411] INFO (28004): CoaController {/coa}:
    context: "RoutesResolver"
[23:29:00.411] INFO (28004): Mapped {/coa, POST} route
    context: "RouterExplorer"
[23:29:00.411] INFO (28004): Mapped {/coa, GET} route
    context: "RouterExplorer"
[23:29:00.411] INFO (28004): Mapped {/coa/:id, GET} route
    context: "RouterExplorer"
[23:29:00.411] INFO (28004): Mapped {/coa/:id, PATCH} route
    context: "RouterExplorer"
[23:29:00.411] INFO (28004): Mapped {/coa/:id, DELETE} route
    context: "RouterExplorer"
[23:29:00.411] INFO (28004): JournalsController {/journals}:
    context: "RoutesResolver"
[23:29:00.411] INFO (28004): Mapped {/journals, GET} route
    context: "RouterExplorer"
[23:29:00.411] INFO (28004): Mapped {/journals/:id, GET} route
    context: "RouterExplorer"
[23:29:00.411] INFO (28004): JournalLinesController {/journal-lines}:
    context: "RoutesResolver"
[23:29:00.411] INFO (28004): Mapped {/journal-lines, GET} route
    context: "RouterExplorer"
[23:29:00.411] INFO (28004): Mapped {/journal-lines/:id, GET} route
    context: "RouterExplorer"
[23:29:00.411] INFO (28004): AcctEventsController {/acct-events}:
    context: "RoutesResolver"
[23:29:00.411] INFO (28004): Mapped {/acct-events, POST} route
    context: "RouterExplorer"
[23:29:00.411] INFO (28004): Mapped {/acct-events, GET} route
    context: "RouterExplorer"
[23:29:00.411] INFO (28004): Mapped {/acct-events/:eventCode, GET} route
    context: "RouterExplorer"
[23:29:00.411] INFO (28004): Mapped {/acct-events/:eventCode, PATCH} route
    context: "RouterExplorer"
[23:29:00.411] INFO (28004): Mapped {/acct-events/:eventCode, DELETE} route
    context: "RouterExplorer"
[23:29:00.411] INFO (28004): JournalHeaderTemplatesController {/journal-header-templates}:
    context: "RoutesResolver"
[23:29:00.411] INFO (28004): Mapped {/journal-header-templates, POST} route
    context: "RouterExplorer"
[23:29:00.411] INFO (28004): Mapped {/journal-header-templates, GET} route
    context: "RouterExplorer"
[23:29:00.411] INFO (28004): Mapped {/journal-header-templates/:id, GET} route
    context: "RouterExplorer"
[23:29:00.411] INFO (28004): Mapped {/journal-header-templates/:id, PATCH} route
    context: "RouterExplorer"
[23:29:00.411] INFO (28004): Mapped {/journal-header-templates/:id, DELETE} route
    context: "RouterExplorer"
[23:29:00.411] INFO (28004): JournalLineTemplatesController {/journal-line-templates}:
    context: "RoutesResolver"
[23:29:00.411] INFO (28004): Mapped {/journal-line-templates, POST} route
    context: "RouterExplorer"
[23:29:00.411] INFO (28004): Mapped {/journal-line-templates, GET} route
    context: "RouterExplorer"
[23:29:00.411] INFO (28004): Mapped {/journal-line-templates/:id, GET} route
    context: "RouterExplorer"
[23:29:00.411] INFO (28004): Mapped {/journal-line-templates/:id, PATCH} route
    context: "RouterExplorer"
[23:29:00.411] INFO (28004): Mapped {/journal-line-templates/:id, DELETE} route
    context: "RouterExplorer"
[23:29:00.411] INFO (28004): DepositWorkflowService initialized and listening for events.
    context: "DepositWorkflowService"
[23:29:00.411] INFO (28004): Nest application successfully started
    context: "NestApplication"
[23:29:00.411] INFO (28004): Application running on port 3000
[2J[3J[H[[90m23:29:10[0m] File change detected. Starting incremental compilation...

[[90m23:29:11[0m] Found 0 errors. Watching for file changes.

CustomersService initialized with NotificationsGateway
[2J[3J[H[[90m23:29:13[0m] File change detected. Starting incremental compilation...

[[90m23:29:13[0m] Found 0 errors. Watching for file changes.

CustomersService initialized with NotificationsGateway
[23:29:14.983] INFO (28359): Starting Nest application...
    context: "NestFactory"
[23:29:14.983] INFO (28359): AppModule dependencies initialized
    context: "InstanceLoader"
[23:29:14.983] INFO (28359): PrismaModule dependencies initialized
    context: "InstanceLoader"
[23:29:14.983] INFO (28359): PassportModule dependencies initialized
    context: "InstanceLoader"
[23:29:14.983] INFO (28359): NotificationsModule dependencies initialized
    context: "InstanceLoader"
[23:29:14.983] INFO (28359): ConfigHostModule dependencies initialized
    context: "InstanceLoader"
[23:29:14.983] INFO (28359): JwtModule dependencies initialized
    context: "InstanceLoader"
[23:29:14.983] INFO (28359): DiscoveryModule dependencies initialized
    context: "InstanceLoader"
[23:29:14.983] INFO (28359): ConfigModule dependencies initialized
    context: "InstanceLoader"
[23:29:14.983] INFO (28359): EventEmitterModule dependencies initialized
    context: "InstanceLoader"
[23:29:14.983] INFO (28359): WorkflowsModule dependencies initialized
    context: "InstanceLoader"
[23:29:14.983] INFO (28359): LoggerModule dependencies initialized
    context: "InstanceLoader"
[23:29:14.983] INFO (28359): CoaModule dependencies initialized
    context: "InstanceLoader"
[23:29:14.983] INFO (28359): JournalsModule dependencies initialized
    context: "InstanceLoader"
[23:29:14.983] INFO (28359): JournalLinesModule dependencies initialized
    context: "InstanceLoader"
[23:29:14.983] INFO (28359): AcctEventsModule dependencies initialized
    context: "InstanceLoader"
[23:29:14.983] INFO (28359): JournalHeaderTemplatesModule dependencies initialized
    context: "InstanceLoader"
[23:29:14.984] INFO (28359): JournalLineTemplatesModule dependencies initialized
    context: "InstanceLoader"
[23:29:14.984] INFO (28359): AuthModule dependencies initialized
    context: "InstanceLoader"
[23:29:14.984] INFO (28359): UsersModule dependencies initialized
    context: "InstanceLoader"
[23:29:14.984] INFO (28359): LiquidityProvidersModule dependencies initialized
    context: "InstanceLoader"
[23:29:14.984] INFO (28359): AssetsModule dependencies initialized
    context: "InstanceLoader"
[23:29:14.984] INFO (28359): LiquidityConfigModule dependencies initialized
    context: "InstanceLoader"
[23:29:14.984] INFO (28359): WalletsModule dependencies initialized
    context: "InstanceLoader"
[23:29:14.984] INFO (28359): CustomersModule dependencies initialized
    context: "InstanceLoader"
[23:29:14.984] INFO (28359): PayinsModule dependencies initialized
    context: "InstanceLoader"
[23:29:14.984] INFO (28359): DepositTransactionsModule dependencies initialized
    context: "InstanceLoader"
[23:29:14.984] INFO (28359): UsersController {/users}:
    context: "RoutesResolver"
[23:29:14.984] INFO (28359): Mapped {/users, GET} route
    context: "RouterExplorer"
[23:29:14.984] INFO (28359): CustomerAuthController {/auth/customer}:
    context: "RoutesResolver"
[23:29:14.984] INFO (28359): Mapped {/auth/customer/register, POST} route
    context: "RouterExplorer"
[23:29:14.984] INFO (28359): Mapped {/auth/customer/login, POST} route
    context: "RouterExplorer"
[23:29:14.984] INFO (28359): AuthController {/auth}:
    context: "RoutesResolver"
[23:29:14.984] INFO (28359): Mapped {/auth/login, POST} route
    context: "RouterExplorer"
[23:29:14.984] INFO (28359): CustomersController {/customers}:
    context: "RoutesResolver"
[23:29:14.984] INFO (28359): Mapped {/customers, POST} route
    context: "RouterExplorer"
[23:29:14.984] INFO (28359): Mapped {/customers, GET} route
    context: "RouterExplorer"
[23:29:14.984] INFO (28359): Mapped {/customers/:id, GET} route
    context: "RouterExplorer"
[23:29:14.984] INFO (28359): Mapped {/customers/:id, PATCH} route
    context: "RouterExplorer"
[23:29:14.984] INFO (28359): Mapped {/customers/:id/status, POST} route
    context: "RouterExplorer"
[23:29:14.984] INFO (28359): Mapped {/customers/:id, DELETE} route
    context: "RouterExplorer"
[23:29:14.984] INFO (28359): LiquidityProvidersController {/liquidity-providers}:
    context: "RoutesResolver"
[23:29:14.984] INFO (28359): Mapped {/liquidity-providers, POST} route
    context: "RouterExplorer"
[23:29:14.984] INFO (28359): Mapped {/liquidity-providers, GET} route
    context: "RouterExplorer"
[23:29:14.984] INFO (28359): Mapped {/liquidity-providers/:id, GET} route
    context: "RouterExplorer"
[23:29:14.984] INFO (28359): Mapped {/liquidity-providers/:id/status, PATCH} route
    context: "RouterExplorer"
[23:29:14.984] INFO (28359): AssetsController {/assets}:
    context: "RoutesResolver"
[23:29:14.984] INFO (28359): Mapped {/assets, POST} route
    context: "RouterExplorer"
[23:29:14.984] INFO (28359): Mapped {/assets, GET} route
    context: "RouterExplorer"
[23:29:14.984] INFO (28359): Mapped {/assets/:id, GET} route
    context: "RouterExplorer"
[23:29:14.984] INFO (28359): Mapped {/assets/:id/status, PATCH} route
    context: "RouterExplorer"
[23:29:14.984] INFO (28359): LiquidityConfigController {/liquidity-configurations}:
    context: "RoutesResolver"
[23:29:14.984] INFO (28359): Mapped {/liquidity-configurations, POST} route
    context: "RouterExplorer"
[23:29:14.984] INFO (28359): Mapped {/liquidity-configurations, GET} route
    context: "RouterExplorer"
[23:29:14.984] INFO (28359): Mapped {/liquidity-configurations/available, GET} route
    context: "RouterExplorer"
[23:29:14.984] INFO (28359): Mapped {/liquidity-configurations/lp/:lpId, GET} route
    context: "RouterExplorer"
[23:29:14.984] INFO (28359): Mapped {/liquidity-configurations/:id, GET} route
    context: "RouterExplorer"
[23:29:14.984] INFO (28359): Mapped {/liquidity-configurations/:id, PUT} route
    context: "RouterExplorer"
[23:29:14.984] INFO (28359): Mapped {/liquidity-configurations/:id, DELETE} route
    context: "RouterExplorer"
[23:29:14.984] INFO (28359): Mapped {/liquidity-configurations/:id/status, PATCH} route
    context: "RouterExplorer"
[23:29:14.984] INFO (28359): WalletsController {/wallets}:
    context: "RoutesResolver"
[23:29:14.984] INFO (28359): Mapped {/wallets, POST} route
    context: "RouterExplorer"
[23:29:14.984] INFO (28359): Mapped {/wallets, GET} route
    context: "RouterExplorer"
[23:29:14.984] INFO (28359): Mapped {/wallets/:id, GET} route
    context: "RouterExplorer"
[23:29:14.984] INFO (28359): Mapped {/wallets/:id/status, PATCH} route
    context: "RouterExplorer"
[23:29:14.984] INFO (28359): PayinsController {/treasury/payins}:
    context: "RoutesResolver"
[23:29:14.984] INFO (28359): Mapped {/treasury/payins/simulate, POST} route
    context: "RouterExplorer"
[23:29:14.984] INFO (28359): Mapped {/treasury/payins, GET} route
    context: "RouterExplorer"
[23:29:14.984] INFO (28359): Mapped {/treasury/payins/:id, GET} route
    context: "RouterExplorer"
[23:29:14.984] INFO (28359): Mapped {/treasury/payins/:id/status, PATCH} route
    context: "RouterExplorer"
[23:29:14.984] INFO (28359): DepositTransactionsController {/deposit-transactions}:
    context: "RoutesResolver"
[23:29:14.984] INFO (28359): Mapped {/deposit-transactions, GET} route
    context: "RouterExplorer"
[23:29:14.984] INFO (28359): Mapped {/deposit-transactions/:id, GET} route
    context: "RouterExplorer"
[23:29:14.984] INFO (28359): Mapped {/deposit-transactions, POST} route
    context: "RouterExplorer"
[23:29:14.984] INFO (28359): Mapped {/deposit-transactions/:id/status, PATCH} route
    context: "RouterExplorer"
[23:29:14.984] INFO (28359): Mapped {/deposit-transactions/export, GET} route
    context: "RouterExplorer"
[23:29:14.984] INFO (28359): CoaController {/coa}:
    context: "RoutesResolver"
[23:29:14.984] INFO (28359): Mapped {/coa, POST} route
    context: "RouterExplorer"
[23:29:14.984] INFO (28359): Mapped {/coa, GET} route
    context: "RouterExplorer"
[23:29:14.984] INFO (28359): Mapped {/coa/:id, GET} route
    context: "RouterExplorer"
[23:29:14.984] INFO (28359): Mapped {/coa/:id, PATCH} route
    context: "RouterExplorer"
[23:29:14.984] INFO (28359): Mapped {/coa/:id, DELETE} route
    context: "RouterExplorer"
[23:29:14.984] INFO (28359): JournalsController {/journals}:
    context: "RoutesResolver"
[23:29:14.984] INFO (28359): Mapped {/journals, GET} route
    context: "RouterExplorer"
[23:29:14.984] INFO (28359): Mapped {/journals/:id, GET} route
    context: "RouterExplorer"
[23:29:14.984] INFO (28359): JournalLinesController {/journal-lines}:
    context: "RoutesResolver"
[23:29:14.984] INFO (28359): Mapped {/journal-lines, GET} route
    context: "RouterExplorer"
[23:29:14.984] INFO (28359): Mapped {/journal-lines/:id, GET} route
    context: "RouterExplorer"
[23:29:14.984] INFO (28359): AcctEventsController {/acct-events}:
    context: "RoutesResolver"
[23:29:14.984] INFO (28359): Mapped {/acct-events, POST} route
    context: "RouterExplorer"
[23:29:14.984] INFO (28359): Mapped {/acct-events, GET} route
    context: "RouterExplorer"
[23:29:14.984] INFO (28359): Mapped {/acct-events/:eventCode, GET} route
    context: "RouterExplorer"
[23:29:14.984] INFO (28359): Mapped {/acct-events/:eventCode, PATCH} route
    context: "RouterExplorer"
[23:29:14.984] INFO (28359): Mapped {/acct-events/:eventCode, DELETE} route
    context: "RouterExplorer"
[23:29:14.984] INFO (28359): JournalHeaderTemplatesController {/journal-header-templates}:
    context: "RoutesResolver"
[23:29:14.984] INFO (28359): Mapped {/journal-header-templates, POST} route
    context: "RouterExplorer"
[23:29:14.984] INFO (28359): Mapped {/journal-header-templates, GET} route
    context: "RouterExplorer"
[23:29:14.984] INFO (28359): Mapped {/journal-header-templates/:id, GET} route
    context: "RouterExplorer"
[23:29:14.984] INFO (28359): Mapped {/journal-header-templates/:id, PATCH} route
    context: "RouterExplorer"
[23:29:14.984] INFO (28359): Mapped {/journal-header-templates/:id, DELETE} route
    context: "RouterExplorer"
[23:29:14.984] INFO (28359): JournalLineTemplatesController {/journal-line-templates}:
    context: "RoutesResolver"
[23:29:14.984] INFO (28359): Mapped {/journal-line-templates, POST} route
    context: "RouterExplorer"
[23:29:14.984] INFO (28359): Mapped {/journal-line-templates, GET} route
    context: "RouterExplorer"
[23:29:14.984] INFO (28359): Mapped {/journal-line-templates/:id, GET} route
    context: "RouterExplorer"
[23:29:14.984] INFO (28359): Mapped {/journal-line-templates/:id, PATCH} route
    context: "RouterExplorer"
[23:29:14.984] INFO (28359): Mapped {/journal-line-templates/:id, DELETE} route
    context: "RouterExplorer"
[23:29:14.984] INFO (28359): DepositWorkflowService initialized and listening for events.
    context: "DepositWorkflowService"
[23:29:14.984] INFO (28359): Nest application successfully started
    context: "NestApplication"
[23:29:14.986] INFO (28359): Application running on port 3000
[2J[3J[H[[90m23:29:24[0m] File change detected. Starting incremental compilation...

[[90m23:29:24[0m] Found 0 errors. Watching for file changes.

CustomersService initialized with NotificationsGateway
[23:29:25.068] INFO (28419): Starting Nest application...
    context: "NestFactory"
[23:29:25.068] INFO (28419): AppModule dependencies initialized
    context: "InstanceLoader"
[23:29:25.068] INFO (28419): PrismaModule dependencies initialized
    context: "InstanceLoader"
[23:29:25.068] INFO (28419): PassportModule dependencies initialized
    context: "InstanceLoader"
[23:29:25.068] INFO (28419): NotificationsModule dependencies initialized
    context: "InstanceLoader"
[23:29:25.068] INFO (28419): ConfigHostModule dependencies initialized
    context: "InstanceLoader"
[23:29:25.068] INFO (28419): JwtModule dependencies initialized
    context: "InstanceLoader"
[23:29:25.068] INFO (28419): DiscoveryModule dependencies initialized
    context: "InstanceLoader"
[23:29:25.068] INFO (28419): ConfigModule dependencies initialized
    context: "InstanceLoader"
[23:29:25.068] INFO (28419): EventEmitterModule dependencies initialized
    context: "InstanceLoader"
[23:29:25.068] INFO (28419): WorkflowsModule dependencies initialized
    context: "InstanceLoader"
[23:29:25.068] INFO (28419): LoggerModule dependencies initialized
    context: "InstanceLoader"
[23:29:25.068] INFO (28419): CoaModule dependencies initialized
    context: "InstanceLoader"
[23:29:25.068] INFO (28419): JournalsModule dependencies initialized
    context: "InstanceLoader"
[23:29:25.069] INFO (28419): JournalLinesModule dependencies initialized
    context: "InstanceLoader"
[23:29:25.069] INFO (28419): AcctEventsModule dependencies initialized
    context: "InstanceLoader"
[23:29:25.069] INFO (28419): JournalHeaderTemplatesModule dependencies initialized
    context: "InstanceLoader"
[23:29:25.069] INFO (28419): JournalLineTemplatesModule dependencies initialized
    context: "InstanceLoader"
[23:29:25.069] INFO (28419): AuthModule dependencies initialized
    context: "InstanceLoader"
[23:29:25.069] INFO (28419): UsersModule dependencies initialized
    context: "InstanceLoader"
[23:29:25.069] INFO (28419): LiquidityProvidersModule dependencies initialized
    context: "InstanceLoader"
[23:29:25.069] INFO (28419): AssetsModule dependencies initialized
    context: "InstanceLoader"
[23:29:25.069] INFO (28419): LiquidityConfigModule dependencies initialized
    context: "InstanceLoader"
[23:29:25.069] INFO (28419): WalletsModule dependencies initialized
    context: "InstanceLoader"
[23:29:25.069] INFO (28419): CustomersModule dependencies initialized
    context: "InstanceLoader"
[23:29:25.069] INFO (28419): PayinsModule dependencies initialized
    context: "InstanceLoader"
[23:29:25.069] INFO (28419): DepositTransactionsModule dependencies initialized
    context: "InstanceLoader"
[23:29:25.069] INFO (28419): UsersController {/users}:
    context: "RoutesResolver"
[23:29:25.069] INFO (28419): Mapped {/users, GET} route
    context: "RouterExplorer"
[23:29:25.069] INFO (28419): CustomerAuthController {/auth/customer}:
    context: "RoutesResolver"
[23:29:25.069] INFO (28419): Mapped {/auth/customer/register, POST} route
    context: "RouterExplorer"
[23:29:25.069] INFO (28419): Mapped {/auth/customer/login, POST} route
    context: "RouterExplorer"
[23:29:25.069] INFO (28419): AuthController {/auth}:
    context: "RoutesResolver"
[23:29:25.069] INFO (28419): Mapped {/auth/login, POST} route
    context: "RouterExplorer"
[23:29:25.069] INFO (28419): CustomersController {/customers}:
    context: "RoutesResolver"
[23:29:25.069] INFO (28419): Mapped {/customers, POST} route
    context: "RouterExplorer"
[23:29:25.069] INFO (28419): Mapped {/customers, GET} route
    context: "RouterExplorer"
[23:29:25.069] INFO (28419): Mapped {/customers/:id, GET} route
    context: "RouterExplorer"
[23:29:25.069] INFO (28419): Mapped {/customers/:id, PATCH} route
    context: "RouterExplorer"
[23:29:25.069] INFO (28419): Mapped {/customers/:id/status, POST} route
    context: "RouterExplorer"
[23:29:25.069] INFO (28419): Mapped {/customers/:id, DELETE} route
    context: "RouterExplorer"
[23:29:25.069] INFO (28419): LiquidityProvidersController {/liquidity-providers}:
    context: "RoutesResolver"
[23:29:25.069] INFO (28419): Mapped {/liquidity-providers, POST} route
    context: "RouterExplorer"
[23:29:25.069] INFO (28419): Mapped {/liquidity-providers, GET} route
    context: "RouterExplorer"
[23:29:25.069] INFO (28419): Mapped {/liquidity-providers/:id, GET} route
    context: "RouterExplorer"
[23:29:25.069] INFO (28419): Mapped {/liquidity-providers/:id/status, PATCH} route
    context: "RouterExplorer"
[23:29:25.069] INFO (28419): AssetsController {/assets}:
    context: "RoutesResolver"
[23:29:25.069] INFO (28419): Mapped {/assets, POST} route
    context: "RouterExplorer"
[23:29:25.069] INFO (28419): Mapped {/assets, GET} route
    context: "RouterExplorer"
[23:29:25.069] INFO (28419): Mapped {/assets/:id, GET} route
    context: "RouterExplorer"
[23:29:25.069] INFO (28419): Mapped {/assets/:id/status, PATCH} route
    context: "RouterExplorer"
[23:29:25.069] INFO (28419): LiquidityConfigController {/liquidity-configurations}:
    context: "RoutesResolver"
[23:29:25.069] INFO (28419): Mapped {/liquidity-configurations, POST} route
    context: "RouterExplorer"
[23:29:25.069] INFO (28419): Mapped {/liquidity-configurations, GET} route
    context: "RouterExplorer"
[23:29:25.069] INFO (28419): Mapped {/liquidity-configurations/available, GET} route
    context: "RouterExplorer"
[23:29:25.069] INFO (28419): Mapped {/liquidity-configurations/lp/:lpId, GET} route
    context: "RouterExplorer"
[23:29:25.069] INFO (28419): Mapped {/liquidity-configurations/:id, GET} route
    context: "RouterExplorer"
[23:29:25.069] INFO (28419): Mapped {/liquidity-configurations/:id, PUT} route
    context: "RouterExplorer"
[23:29:25.069] INFO (28419): Mapped {/liquidity-configurations/:id, DELETE} route
    context: "RouterExplorer"
[23:29:25.069] INFO (28419): Mapped {/liquidity-configurations/:id/status, PATCH} route
    context: "RouterExplorer"
[23:29:25.069] INFO (28419): WalletsController {/wallets}:
    context: "RoutesResolver"
[23:29:25.069] INFO (28419): Mapped {/wallets, POST} route
    context: "RouterExplorer"
[23:29:25.069] INFO (28419): Mapped {/wallets, GET} route
    context: "RouterExplorer"
[23:29:25.069] INFO (28419): Mapped {/wallets/:id, GET} route
    context: "RouterExplorer"
[23:29:25.069] INFO (28419): Mapped {/wallets/:id/status, PATCH} route
    context: "RouterExplorer"
[23:29:25.069] INFO (28419): PayinsController {/treasury/payins}:
    context: "RoutesResolver"
[23:29:25.069] INFO (28419): Mapped {/treasury/payins/simulate, POST} route
    context: "RouterExplorer"
[23:29:25.069] INFO (28419): Mapped {/treasury/payins, GET} route
    context: "RouterExplorer"
[23:29:25.069] INFO (28419): Mapped {/treasury/payins/:id, GET} route
    context: "RouterExplorer"
[23:29:25.069] INFO (28419): Mapped {/treasury/payins/:id/status, PATCH} route
    context: "RouterExplorer"
[23:29:25.069] INFO (28419): DepositTransactionsController {/deposit-transactions}:
    context: "RoutesResolver"
[23:29:25.069] INFO (28419): Mapped {/deposit-transactions, GET} route
    context: "RouterExplorer"
[23:29:25.069] INFO (28419): Mapped {/deposit-transactions/:id, GET} route
    context: "RouterExplorer"
[23:29:25.069] INFO (28419): Mapped {/deposit-transactions, POST} route
    context: "RouterExplorer"
[23:29:25.069] INFO (28419): Mapped {/deposit-transactions/:id/status, PATCH} route
    context: "RouterExplorer"
[23:29:25.069] INFO (28419): Mapped {/deposit-transactions/export, GET} route
    context: "RouterExplorer"
[23:29:25.069] INFO (28419): CoaController {/coa}:
    context: "RoutesResolver"
[23:29:25.069] INFO (28419): Mapped {/coa, POST} route
    context: "RouterExplorer"
[23:29:25.069] INFO (28419): Mapped {/coa, GET} route
    context: "RouterExplorer"
[23:29:25.069] INFO (28419): Mapped {/coa/:id, GET} route
    context: "RouterExplorer"
[23:29:25.069] INFO (28419): Mapped {/coa/:id, PATCH} route
    context: "RouterExplorer"
[23:29:25.069] INFO (28419): Mapped {/coa/:id, DELETE} route
    context: "RouterExplorer"
[23:29:25.069] INFO (28419): JournalsController {/journals}:
    context: "RoutesResolver"
[23:29:25.069] INFO (28419): Mapped {/journals, GET} route
    context: "RouterExplorer"
[23:29:25.069] INFO (28419): Mapped {/journals/:id, GET} route
    context: "RouterExplorer"
[23:29:25.069] INFO (28419): JournalLinesController {/journal-lines}:
    context: "RoutesResolver"
[23:29:25.069] INFO (28419): Mapped {/journal-lines, GET} route
    context: "RouterExplorer"
[23:29:25.069] INFO (28419): Mapped {/journal-lines/:id, GET} route
    context: "RouterExplorer"
[23:29:25.069] INFO (28419): AcctEventsController {/acct-events}:
    context: "RoutesResolver"
[23:29:25.069] INFO (28419): Mapped {/acct-events, POST} route
    context: "RouterExplorer"
[23:29:25.069] INFO (28419): Mapped {/acct-events, GET} route
    context: "RouterExplorer"
[23:29:25.069] INFO (28419): Mapped {/acct-events/:eventCode, GET} route
    context: "RouterExplorer"
[23:29:25.069] INFO (28419): Mapped {/acct-events/:eventCode, PATCH} route
    context: "RouterExplorer"
[23:29:25.069] INFO (28419): Mapped {/acct-events/:eventCode, DELETE} route
    context: "RouterExplorer"
[23:29:25.069] INFO (28419): JournalHeaderTemplatesController {/journal-header-templates}:
    context: "RoutesResolver"
[23:29:25.069] INFO (28419): Mapped {/journal-header-templates, POST} route
    context: "RouterExplorer"
[23:29:25.069] INFO (28419): Mapped {/journal-header-templates, GET} route
    context: "RouterExplorer"
[23:29:25.069] INFO (28419): Mapped {/journal-header-templates/:id, GET} route
    context: "RouterExplorer"
[23:29:25.069] INFO (28419): Mapped {/journal-header-templates/:id, PATCH} route
    context: "RouterExplorer"
[23:29:25.069] INFO (28419): Mapped {/journal-header-templates/:id, DELETE} route
    context: "RouterExplorer"
[23:29:25.069] INFO (28419): JournalLineTemplatesController {/journal-line-templates}:
    context: "RoutesResolver"
[23:29:25.069] INFO (28419): Mapped {/journal-line-templates, POST} route
    context: "RouterExplorer"
[23:29:25.069] INFO (28419): Mapped {/journal-line-templates, GET} route
    context: "RouterExplorer"
[23:29:25.069] INFO (28419): Mapped {/journal-line-templates/:id, GET} route
    context: "RouterExplorer"
[23:29:25.069] INFO (28419): Mapped {/journal-line-templates/:id, PATCH} route
    context: "RouterExplorer"
[23:29:25.069] INFO (28419): Mapped {/journal-line-templates/:id, DELETE} route
    context: "RouterExplorer"
[23:29:25.069] INFO (28419): DepositWorkflowService initialized and listening for events.
    context: "DepositWorkflowService"
[23:29:25.069] INFO (28419): Nest application successfully started
    context: "NestApplication"
[23:29:25.069] INFO (28419): Application running on port 3000
[2J[3J[H[[90m23:29:50[0m] File change detected. Starting incremental compilation...

[[90m23:29:50[0m] Found 0 errors. Watching for file changes.

CustomersService initialized with NotificationsGateway
[23:29:51.397] INFO (28522): Starting Nest application...
    context: "NestFactory"
[23:29:51.397] INFO (28522): AppModule dependencies initialized
    context: "InstanceLoader"
[23:29:51.397] INFO (28522): PrismaModule dependencies initialized
    context: "InstanceLoader"
[23:29:51.397] INFO (28522): PassportModule dependencies initialized
    context: "InstanceLoader"
[23:29:51.397] INFO (28522): NotificationsModule dependencies initialized
    context: "InstanceLoader"
[23:29:51.397] INFO (28522): ConfigHostModule dependencies initialized
    context: "InstanceLoader"
[23:29:51.397] INFO (28522): JwtModule dependencies initialized
    context: "InstanceLoader"
[23:29:51.397] INFO (28522): DiscoveryModule dependencies initialized
    context: "InstanceLoader"
[23:29:51.397] INFO (28522): ConfigModule dependencies initialized
    context: "InstanceLoader"
[23:29:51.397] INFO (28522): EventEmitterModule dependencies initialized
    context: "InstanceLoader"
[23:29:51.397] INFO (28522): WorkflowsModule dependencies initialized
    context: "InstanceLoader"
[23:29:51.397] INFO (28522): LoggerModule dependencies initialized
    context: "InstanceLoader"
[23:29:51.397] INFO (28522): CoaModule dependencies initialized
    context: "InstanceLoader"
[23:29:51.397] INFO (28522): JournalsModule dependencies initialized
    context: "InstanceLoader"
[23:29:51.397] INFO (28522): JournalLinesModule dependencies initialized
    context: "InstanceLoader"
[23:29:51.397] INFO (28522): AcctEventsModule dependencies initialized
    context: "InstanceLoader"
[23:29:51.397] INFO (28522): JournalHeaderTemplatesModule dependencies initialized
    context: "InstanceLoader"
[23:29:51.397] INFO (28522): JournalLineTemplatesModule dependencies initialized
    context: "InstanceLoader"
[23:29:51.397] INFO (28522): AuthModule dependencies initialized
    context: "InstanceLoader"
[23:29:51.397] INFO (28522): UsersModule dependencies initialized
    context: "InstanceLoader"
[23:29:51.397] INFO (28522): LiquidityProvidersModule dependencies initialized
    context: "InstanceLoader"
[23:29:51.397] INFO (28522): AssetsModule dependencies initialized
    context: "InstanceLoader"
[23:29:51.397] INFO (28522): LiquidityConfigModule dependencies initialized
    context: "InstanceLoader"
[23:29:51.397] INFO (28522): WalletsModule dependencies initialized
    context: "InstanceLoader"
[23:29:51.397] INFO (28522): CustomersModule dependencies initialized
    context: "InstanceLoader"
[23:29:51.397] INFO (28522): PayinsModule dependencies initialized
    context: "InstanceLoader"
[23:29:51.397] INFO (28522): DepositTransactionsModule dependencies initialized
    context: "InstanceLoader"
[23:29:51.397] INFO (28522): UsersController {/users}:
    context: "RoutesResolver"
[23:29:51.397] INFO (28522): Mapped {/users, GET} route
    context: "RouterExplorer"
[23:29:51.397] INFO (28522): CustomerAuthController {/auth/customer}:
    context: "RoutesResolver"
[23:29:51.397] INFO (28522): Mapped {/auth/customer/register, POST} route
    context: "RouterExplorer"
[23:29:51.397] INFO (28522): Mapped {/auth/customer/login, POST} route
    context: "RouterExplorer"
[23:29:51.397] INFO (28522): AuthController {/auth}:
    context: "RoutesResolver"
[23:29:51.397] INFO (28522): Mapped {/auth/login, POST} route
    context: "RouterExplorer"
[23:29:51.397] INFO (28522): CustomersController {/customers}:
    context: "RoutesResolver"
[23:29:51.397] INFO (28522): Mapped {/customers, POST} route
    context: "RouterExplorer"
[23:29:51.397] INFO (28522): Mapped {/customers, GET} route
    context: "RouterExplorer"
[23:29:51.397] INFO (28522): Mapped {/customers/:id, GET} route
    context: "RouterExplorer"
[23:29:51.397] INFO (28522): Mapped {/customers/:id, PATCH} route
    context: "RouterExplorer"
[23:29:51.397] INFO (28522): Mapped {/customers/:id/status, POST} route
    context: "RouterExplorer"
[23:29:51.397] INFO (28522): Mapped {/customers/:id, DELETE} route
    context: "RouterExplorer"
[23:29:51.397] INFO (28522): LiquidityProvidersController {/liquidity-providers}:
    context: "RoutesResolver"
[23:29:51.397] INFO (28522): Mapped {/liquidity-providers, POST} route
    context: "RouterExplorer"
[23:29:51.397] INFO (28522): Mapped {/liquidity-providers, GET} route
    context: "RouterExplorer"
[23:29:51.397] INFO (28522): Mapped {/liquidity-providers/:id, GET} route
    context: "RouterExplorer"
[23:29:51.397] INFO (28522): Mapped {/liquidity-providers/:id/status, PATCH} route
    context: "RouterExplorer"
[23:29:51.397] INFO (28522): AssetsController {/assets}:
    context: "RoutesResolver"
[23:29:51.397] INFO (28522): Mapped {/assets, POST} route
    context: "RouterExplorer"
[23:29:51.397] INFO (28522): Mapped {/assets, GET} route
    context: "RouterExplorer"
[23:29:51.397] INFO (28522): Mapped {/assets/:id, GET} route
    context: "RouterExplorer"
[23:29:51.397] INFO (28522): Mapped {/assets/:id/status, PATCH} route
    context: "RouterExplorer"
[23:29:51.397] INFO (28522): LiquidityConfigController {/liquidity-configurations}:
    context: "RoutesResolver"
[23:29:51.397] INFO (28522): Mapped {/liquidity-configurations, POST} route
    context: "RouterExplorer"
[23:29:51.397] INFO (28522): Mapped {/liquidity-configurations, GET} route
    context: "RouterExplorer"
[23:29:51.397] INFO (28522): Mapped {/liquidity-configurations/available, GET} route
    context: "RouterExplorer"
[23:29:51.397] INFO (28522): Mapped {/liquidity-configurations/lp/:lpId, GET} route
    context: "RouterExplorer"
[23:29:51.397] INFO (28522): Mapped {/liquidity-configurations/:id, GET} route
    context: "RouterExplorer"
[23:29:51.397] INFO (28522): Mapped {/liquidity-configurations/:id, PUT} route
    context: "RouterExplorer"
[23:29:51.397] INFO (28522): Mapped {/liquidity-configurations/:id, DELETE} route
    context: "RouterExplorer"
[23:29:51.397] INFO (28522): Mapped {/liquidity-configurations/:id/status, PATCH} route
    context: "RouterExplorer"
[23:29:51.397] INFO (28522): WalletsController {/wallets}:
    context: "RoutesResolver"
[23:29:51.397] INFO (28522): Mapped {/wallets, POST} route
    context: "RouterExplorer"
[23:29:51.397] INFO (28522): Mapped {/wallets, GET} route
    context: "RouterExplorer"
[23:29:51.397] INFO (28522): Mapped {/wallets/:id, GET} route
    context: "RouterExplorer"
[23:29:51.397] INFO (28522): Mapped {/wallets/:id/status, PATCH} route
    context: "RouterExplorer"
[23:29:51.397] INFO (28522): PayinsController {/treasury/payins}:
    context: "RoutesResolver"
[23:29:51.397] INFO (28522): Mapped {/treasury/payins/simulate, POST} route
    context: "RouterExplorer"
[23:29:51.397] INFO (28522): Mapped {/treasury/payins, GET} route
    context: "RouterExplorer"
[23:29:51.397] INFO (28522): Mapped {/treasury/payins/:id, GET} route
    context: "RouterExplorer"
[23:29:51.397] INFO (28522): Mapped {/treasury/payins/:id/status, PATCH} route
    context: "RouterExplorer"
[23:29:51.397] INFO (28522): DepositTransactionsController {/deposit-transactions}:
    context: "RoutesResolver"
[23:29:51.397] INFO (28522): Mapped {/deposit-transactions, GET} route
    context: "RouterExplorer"
[23:29:51.397] INFO (28522): Mapped {/deposit-transactions/:id, GET} route
    context: "RouterExplorer"
[23:29:51.397] INFO (28522): Mapped {/deposit-transactions, POST} route
    context: "RouterExplorer"
[23:29:51.397] INFO (28522): Mapped {/deposit-transactions/:id/status, PATCH} route
    context: "RouterExplorer"
[23:29:51.397] INFO (28522): Mapped {/deposit-transactions/export, GET} route
    context: "RouterExplorer"
[23:29:51.397] INFO (28522): CoaController {/coa}:
    context: "RoutesResolver"
[23:29:51.398] INFO (28522): Mapped {/coa, POST} route
    context: "RouterExplorer"
[23:29:51.398] INFO (28522): Mapped {/coa, GET} route
    context: "RouterExplorer"
[23:29:51.398] INFO (28522): Mapped {/coa/:id, GET} route
    context: "RouterExplorer"
[23:29:51.398] INFO (28522): Mapped {/coa/:id, PATCH} route
    context: "RouterExplorer"
[23:29:51.398] INFO (28522): Mapped {/coa/:id, DELETE} route
    context: "RouterExplorer"
[23:29:51.398] INFO (28522): JournalsController {/journals}:
    context: "RoutesResolver"
[23:29:51.398] INFO (28522): Mapped {/journals, GET} route
    context: "RouterExplorer"
[23:29:51.398] INFO (28522): Mapped {/journals/:id, GET} route
    context: "RouterExplorer"
[23:29:51.398] INFO (28522): JournalLinesController {/journal-lines}:
    context: "RoutesResolver"
[23:29:51.398] INFO (28522): Mapped {/journal-lines, GET} route
    context: "RouterExplorer"
[23:29:51.398] INFO (28522): Mapped {/journal-lines/:id, GET} route
    context: "RouterExplorer"
[23:29:51.398] INFO (28522): AcctEventsController {/acct-events}:
    context: "RoutesResolver"
[23:29:51.398] INFO (28522): Mapped {/acct-events, POST} route
    context: "RouterExplorer"
[23:29:51.398] INFO (28522): Mapped {/acct-events, GET} route
    context: "RouterExplorer"
[23:29:51.398] INFO (28522): Mapped {/acct-events/:eventCode, GET} route
    context: "RouterExplorer"
[23:29:51.398] INFO (28522): Mapped {/acct-events/:eventCode, PATCH} route
    context: "RouterExplorer"
[23:29:51.398] INFO (28522): Mapped {/acct-events/:eventCode, DELETE} route
    context: "RouterExplorer"
[23:29:51.398] INFO (28522): JournalHeaderTemplatesController {/journal-header-templates}:
    context: "RoutesResolver"
[23:29:51.398] INFO (28522): Mapped {/journal-header-templates, POST} route
    context: "RouterExplorer"
[23:29:51.398] INFO (28522): Mapped {/journal-header-templates, GET} route
    context: "RouterExplorer"
[23:29:51.398] INFO (28522): Mapped {/journal-header-templates/:id, GET} route
    context: "RouterExplorer"
[23:29:51.398] INFO (28522): Mapped {/journal-header-templates/:id, PATCH} route
    context: "RouterExplorer"
[23:29:51.398] INFO (28522): Mapped {/journal-header-templates/:id, DELETE} route
    context: "RouterExplorer"
[23:29:51.398] INFO (28522): JournalLineTemplatesController {/journal-line-templates}:
    context: "RoutesResolver"
[23:29:51.398] INFO (28522): Mapped {/journal-line-templates, POST} route
    context: "RouterExplorer"
[23:29:51.398] INFO (28522): Mapped {/journal-line-templates, GET} route
    context: "RouterExplorer"
[23:29:51.398] INFO (28522): Mapped {/journal-line-templates/:id, GET} route
    context: "RouterExplorer"
[23:29:51.398] INFO (28522): Mapped {/journal-line-templates/:id, PATCH} route
    context: "RouterExplorer"
[23:29:51.398] INFO (28522): Mapped {/journal-line-templates/:id, DELETE} route
    context: "RouterExplorer"
[23:29:51.398] INFO (28522): DepositWorkflowService initialized and listening for events.
    context: "DepositWorkflowService"
[23:29:51.398] INFO (28522): Nest application successfully started
    context: "NestApplication"
[23:29:51.398] INFO (28522): Application running on port 3000
[23:30:27.650] INFO (28522): Simulating payin for wallet 12347b35-64f8-4a0e-a640-3f69dec32e75 (Type: crypto)
    req: {
      "id": 1,
      "method": "POST",
      "url": "/treasury/payins/simulate"
    }
    context: "PayinsService"
[23:30:27.654] INFO (28522): Emitting payin.created event for 55a2ce49-fbb6-462d-9ed1-d3a23d665061
    req: {
      "id": 1,
      "method": "POST",
      "url": "/treasury/payins/simulate"
    }
    context: "PayinsService"
[23:30:27.654] INFO (28522): Event received: payin.created for 55a2ce49-fbb6-462d-9ed1-d3a23d665061 status=DETECTED
    req: {
      "id": 1,
      "method": "POST",
      "url": "/treasury/payins/simulate"
    }
    context: "DepositWorkflowService"
[23:30:27.656] INFO (28522): request completed
    req: {
      "id": 1,
      "method": "POST",
      "url": "/treasury/payins/simulate"
    }
    res: {
      "statusCode": 201,
      "headers": {
        "x-powered-by": "Express",
        "vary": "Origin",
        "access-control-allow-credentials": "true",
        "content-type": "application/json; charset=utf-8",
        "content-length": "841",
        "etag": "W/\"349-LXmBuRkL1wDqxM09LPBuiAIDmb8\""
      }
    }
    responseTime: 9
[23:30:27.657] INFO (28522): Creating deposit for payin 55a2ce49-fbb6-462d-9ed1-d3a23d665061
    req: {
      "id": 1,
      "method": "POST",
      "url": "/treasury/payins/simulate"
    }
    context: "DepositWorkflowService"
[23:30:29.673] INFO (28522): request completed
    req: {
      "id": 2,
      "method": "PATCH",
      "url": "/treasury/payins/55a2ce49-fbb6-462d-9ed1-d3a23d665061/status"
    }
    res: {
      "statusCode": 401,
      "headers": {
        "x-powered-by": "Express",
        "vary": "Origin",
        "access-control-allow-credentials": "true",
        "content-type": "application/json; charset=utf-8",
        "content-length": "43",
        "etag": "W/\"2b-dGnJzt6gv1nJjX6DJ9RztDWptng\""
      }
    }
    responseTime: 3
[23:30:30.177] INFO (28522): request completed
    req: {
      "id": 3,
      "method": "PATCH",
      "url": "/treasury/payins/55a2ce49-fbb6-462d-9ed1-d3a23d665061/status"
    }
    res: {
      "statusCode": 401,
      "headers": {
        "x-powered-by": "Express",
        "vary": "Origin",
        "access-control-allow-credentials": "true",
        "content-type": "application/json; charset=utf-8",
        "content-length": "43",
        "etag": "W/\"2b-dGnJzt6gv1nJjX6DJ9RztDWptng\""
      }
    }
    responseTime: 0
[23:31:04.894] INFO (28522): Simulating payin for wallet 12347b35-64f8-4a0e-a640-3f69dec32e75 (Type: crypto)
    req: {
      "id": 4,
      "method": "POST",
      "url": "/treasury/payins/simulate"
    }
    context: "PayinsService"
[23:31:04.895] INFO (28522): Emitting payin.created event for 898cc15b-c7d5-4a1a-87d7-52295639df04
    req: {
      "id": 4,
      "method": "POST",
      "url": "/treasury/payins/simulate"
    }
    context: "PayinsService"
[23:31:04.895] INFO (28522): Event received: payin.created for 898cc15b-c7d5-4a1a-87d7-52295639df04 status=DETECTED
    req: {
      "id": 4,
      "method": "POST",
      "url": "/treasury/payins/simulate"
    }
    context: "DepositWorkflowService"
[23:31:04.896] INFO (28522): request completed
    req: {
      "id": 4,
      "method": "POST",
      "url": "/treasury/payins/simulate"
    }
    res: {
      "statusCode": 201,
      "headers": {
        "x-powered-by": "Express",
        "vary": "Origin",
        "access-control-allow-credentials": "true",
        "content-type": "application/json; charset=utf-8",
        "content-length": "841",
        "etag": "W/\"349-4zdGUGq+aeXWG/EzuV3saYKS0vc\""
      }
    }
    responseTime: 3
[23:31:04.897] INFO (28522): Creating deposit for payin 898cc15b-c7d5-4a1a-87d7-52295639df04
    req: {
      "id": 4,
      "method": "POST",
      "url": "/treasury/payins/simulate"
    }
    context: "DepositWorkflowService"
[23:31:39.053] INFO (28522): Simulating payin for wallet 12347b35-64f8-4a0e-a640-3f69dec32e75 (Type: crypto)
    req: {
      "id": 5,
      "method": "POST",
      "url": "/treasury/payins/simulate"
    }
    context: "PayinsService"
[23:31:39.055] INFO (28522): Emitting payin.created event for 0e34579c-52ce-42a7-98d9-951faa928fd4
    req: {
      "id": 5,
      "method": "POST",
      "url": "/treasury/payins/simulate"
    }
    context: "PayinsService"
[23:31:39.055] INFO (28522): Event received: payin.created for 0e34579c-52ce-42a7-98d9-951faa928fd4 status=DETECTED
    req: {
      "id": 5,
      "method": "POST",
      "url": "/treasury/payins/simulate"
    }
    context: "DepositWorkflowService"
[23:31:39.055] INFO (28522): request completed
    req: {
      "id": 5,
      "method": "POST",
      "url": "/treasury/payins/simulate"
    }
    res: {
      "statusCode": 201,
      "headers": {
        "x-powered-by": "Express",
        "vary": "Origin",
        "access-control-allow-credentials": "true",
        "content-type": "application/json; charset=utf-8",
        "content-length": "841",
        "etag": "W/\"349-40uIeOFWTLvpKNqtm6ELwCGYZnU\""
      }
    }
    responseTime: 2
[23:31:39.056] INFO (28522): Creating deposit for payin 0e34579c-52ce-42a7-98d9-951faa928fd4
    req: {
      "id": 5,
      "method": "POST",
      "url": "/treasury/payins/simulate"
    }
    context: "DepositWorkflowService"
[23:31:41.066] INFO (28522): request completed
    req: {
      "id": 6,
      "method": "PATCH",
      "url": "/treasury/payins/0e34579c-52ce-42a7-98d9-951faa928fd4/status"
    }
    res: {
      "statusCode": 401,
      "headers": {
        "x-powered-by": "Express",
        "vary": "Origin",
        "access-control-allow-credentials": "true",
        "content-type": "application/json; charset=utf-8",
        "content-length": "43",
        "etag": "W/\"2b-dGnJzt6gv1nJjX6DJ9RztDWptng\""
      }
    }
    responseTime: 2
[23:31:41.573] INFO (28522): request completed
    req: {
      "id": 7,
      "method": "PATCH",
      "url": "/treasury/payins/0e34579c-52ce-42a7-98d9-951faa928fd4/status"
    }
    res: {
      "statusCode": 401,
      "headers": {
        "x-powered-by": "Express",
        "vary": "Origin",
        "access-control-allow-credentials": "true",
        "content-type": "application/json; charset=utf-8",
        "content-length": "43",
        "etag": "W/\"2b-dGnJzt6gv1nJjX6DJ9RztDWptng\""
      }
    }
    responseTime: 3
[2J[3J[H[[90m23:32:01[0m] File change detected. Starting incremental compilation...

[[90m23:32:01[0m] Found 0 errors. Watching for file changes.

CustomersService initialized with NotificationsGateway
[23:32:02.584] INFO (29880): Starting Nest application...
    context: "NestFactory"
[23:32:02.584] INFO (29880): AppModule dependencies initialized
    context: "InstanceLoader"
[23:32:02.584] INFO (29880): PrismaModule dependencies initialized
    context: "InstanceLoader"
[23:32:02.584] INFO (29880): PassportModule dependencies initialized
    context: "InstanceLoader"
[23:32:02.584] INFO (29880): NotificationsModule dependencies initialized
    context: "InstanceLoader"
[23:32:02.584] INFO (29880): ConfigHostModule dependencies initialized
    context: "InstanceLoader"
[23:32:02.584] INFO (29880): JwtModule dependencies initialized
    context: "InstanceLoader"
[23:32:02.584] INFO (29880): DiscoveryModule dependencies initialized
    context: "InstanceLoader"
[23:32:02.584] INFO (29880): ConfigModule dependencies initialized
    context: "InstanceLoader"
[23:32:02.584] INFO (29880): EventEmitterModule dependencies initialized
    context: "InstanceLoader"
[23:32:02.584] INFO (29880): WorkflowsModule dependencies initialized
    context: "InstanceLoader"
[23:32:02.584] INFO (29880): LoggerModule dependencies initialized
    context: "InstanceLoader"
[23:32:02.584] INFO (29880): CoaModule dependencies initialized
    context: "InstanceLoader"
[23:32:02.584] INFO (29880): JournalsModule dependencies initialized
    context: "InstanceLoader"
[23:32:02.584] INFO (29880): JournalLinesModule dependencies initialized
    context: "InstanceLoader"
[23:32:02.584] INFO (29880): AcctEventsModule dependencies initialized
    context: "InstanceLoader"
[23:32:02.584] INFO (29880): JournalHeaderTemplatesModule dependencies initialized
    context: "InstanceLoader"
[23:32:02.584] INFO (29880): JournalLineTemplatesModule dependencies initialized
    context: "InstanceLoader"
[23:32:02.584] INFO (29880): AuthModule dependencies initialized
    context: "InstanceLoader"
[23:32:02.584] INFO (29880): UsersModule dependencies initialized
    context: "InstanceLoader"
[23:32:02.584] INFO (29880): LiquidityProvidersModule dependencies initialized
    context: "InstanceLoader"
[23:32:02.584] INFO (29880): AssetsModule dependencies initialized
    context: "InstanceLoader"
[23:32:02.584] INFO (29880): LiquidityConfigModule dependencies initialized
    context: "InstanceLoader"
[23:32:02.584] INFO (29880): WalletsModule dependencies initialized
    context: "InstanceLoader"
[23:32:02.584] INFO (29880): CustomersModule dependencies initialized
    context: "InstanceLoader"
[23:32:02.584] INFO (29880): PayinsModule dependencies initialized
    context: "InstanceLoader"
[23:32:02.584] INFO (29880): DepositTransactionsModule dependencies initialized
    context: "InstanceLoader"
[23:32:02.584] INFO (29880): UsersController {/users}:
    context: "RoutesResolver"
[23:32:02.584] INFO (29880): Mapped {/users, GET} route
    context: "RouterExplorer"
[23:32:02.584] INFO (29880): CustomerAuthController {/auth/customer}:
    context: "RoutesResolver"
[23:32:02.584] INFO (29880): Mapped {/auth/customer/register, POST} route
    context: "RouterExplorer"
[23:32:02.584] INFO (29880): Mapped {/auth/customer/login, POST} route
    context: "RouterExplorer"
[23:32:02.584] INFO (29880): AuthController {/auth}:
    context: "RoutesResolver"
[23:32:02.584] INFO (29880): Mapped {/auth/login, POST} route
    context: "RouterExplorer"
[23:32:02.584] INFO (29880): CustomersController {/customers}:
    context: "RoutesResolver"
[23:32:02.584] INFO (29880): Mapped {/customers, POST} route
    context: "RouterExplorer"
[23:32:02.584] INFO (29880): Mapped {/customers, GET} route
    context: "RouterExplorer"
[23:32:02.584] INFO (29880): Mapped {/customers/:id, GET} route
    context: "RouterExplorer"
[23:32:02.584] INFO (29880): Mapped {/customers/:id, PATCH} route
    context: "RouterExplorer"
[23:32:02.584] INFO (29880): Mapped {/customers/:id/status, POST} route
    context: "RouterExplorer"
[23:32:02.584] INFO (29880): Mapped {/customers/:id, DELETE} route
    context: "RouterExplorer"
[23:32:02.584] INFO (29880): LiquidityProvidersController {/liquidity-providers}:
    context: "RoutesResolver"
[23:32:02.584] INFO (29880): Mapped {/liquidity-providers, POST} route
    context: "RouterExplorer"
[23:32:02.584] INFO (29880): Mapped {/liquidity-providers, GET} route
    context: "RouterExplorer"
[23:32:02.584] INFO (29880): Mapped {/liquidity-providers/:id, GET} route
    context: "RouterExplorer"
[23:32:02.584] INFO (29880): Mapped {/liquidity-providers/:id/status, PATCH} route
    context: "RouterExplorer"
[23:32:02.584] INFO (29880): AssetsController {/assets}:
    context: "RoutesResolver"
[23:32:02.584] INFO (29880): Mapped {/assets, POST} route
    context: "RouterExplorer"
[23:32:02.584] INFO (29880): Mapped {/assets, GET} route
    context: "RouterExplorer"
[23:32:02.584] INFO (29880): Mapped {/assets/:id, GET} route
    context: "RouterExplorer"
[23:32:02.584] INFO (29880): Mapped {/assets/:id/status, PATCH} route
    context: "RouterExplorer"
[23:32:02.584] INFO (29880): LiquidityConfigController {/liquidity-configurations}:
    context: "RoutesResolver"
[23:32:02.584] INFO (29880): Mapped {/liquidity-configurations, POST} route
    context: "RouterExplorer"
[23:32:02.584] INFO (29880): Mapped {/liquidity-configurations, GET} route
    context: "RouterExplorer"
[23:32:02.584] INFO (29880): Mapped {/liquidity-configurations/available, GET} route
    context: "RouterExplorer"
[23:32:02.584] INFO (29880): Mapped {/liquidity-configurations/lp/:lpId, GET} route
    context: "RouterExplorer"
[23:32:02.584] INFO (29880): Mapped {/liquidity-configurations/:id, GET} route
    context: "RouterExplorer"
[23:32:02.584] INFO (29880): Mapped {/liquidity-configurations/:id, PUT} route
    context: "RouterExplorer"
[23:32:02.584] INFO (29880): Mapped {/liquidity-configurations/:id, DELETE} route
    context: "RouterExplorer"
[23:32:02.584] INFO (29880): Mapped {/liquidity-configurations/:id/status, PATCH} route
    context: "RouterExplorer"
[23:32:02.584] INFO (29880): WalletsController {/wallets}:
    context: "RoutesResolver"
[23:32:02.584] INFO (29880): Mapped {/wallets, POST} route
    context: "RouterExplorer"
[23:32:02.584] INFO (29880): Mapped {/wallets, GET} route
    context: "RouterExplorer"
[23:32:02.584] INFO (29880): Mapped {/wallets/:id, GET} route
    context: "RouterExplorer"
[23:32:02.584] INFO (29880): Mapped {/wallets/:id/status, PATCH} route
    context: "RouterExplorer"
[23:32:02.584] INFO (29880): PayinsController {/treasury/payins}:
    context: "RoutesResolver"
[23:32:02.584] INFO (29880): Mapped {/treasury/payins/simulate, POST} route
    context: "RouterExplorer"
[23:32:02.584] INFO (29880): Mapped {/treasury/payins, GET} route
    context: "RouterExplorer"
[23:32:02.584] INFO (29880): Mapped {/treasury/payins/:id, GET} route
    context: "RouterExplorer"
[23:32:02.584] INFO (29880): Mapped {/treasury/payins/:id/status, PATCH} route
    context: "RouterExplorer"
[23:32:02.584] INFO (29880): DepositTransactionsController {/deposit-transactions}:
    context: "RoutesResolver"
[23:32:02.584] INFO (29880): Mapped {/deposit-transactions, GET} route
    context: "RouterExplorer"
[23:32:02.584] INFO (29880): Mapped {/deposit-transactions/:id, GET} route
    context: "RouterExplorer"
[23:32:02.584] INFO (29880): Mapped {/deposit-transactions, POST} route
    context: "RouterExplorer"
[23:32:02.584] INFO (29880): Mapped {/deposit-transactions/:id/status, PATCH} route
    context: "RouterExplorer"
[23:32:02.584] INFO (29880): Mapped {/deposit-transactions/export, GET} route
    context: "RouterExplorer"
[23:32:02.584] INFO (29880): CoaController {/coa}:
    context: "RoutesResolver"
[23:32:02.584] INFO (29880): Mapped {/coa, POST} route
    context: "RouterExplorer"
[23:32:02.584] INFO (29880): Mapped {/coa, GET} route
    context: "RouterExplorer"
[23:32:02.584] INFO (29880): Mapped {/coa/:id, GET} route
    context: "RouterExplorer"
[23:32:02.584] INFO (29880): Mapped {/coa/:id, PATCH} route
    context: "RouterExplorer"
[23:32:02.584] INFO (29880): Mapped {/coa/:id, DELETE} route
    context: "RouterExplorer"
[23:32:02.584] INFO (29880): JournalsController {/journals}:
    context: "RoutesResolver"
[23:32:02.584] INFO (29880): Mapped {/journals, GET} route
    context: "RouterExplorer"
[23:32:02.584] INFO (29880): Mapped {/journals/:id, GET} route
    context: "RouterExplorer"
[23:32:02.584] INFO (29880): JournalLinesController {/journal-lines}:
    context: "RoutesResolver"
[23:32:02.584] INFO (29880): Mapped {/journal-lines, GET} route
    context: "RouterExplorer"
[23:32:02.584] INFO (29880): Mapped {/journal-lines/:id, GET} route
    context: "RouterExplorer"
[23:32:02.584] INFO (29880): AcctEventsController {/acct-events}:
    context: "RoutesResolver"
[23:32:02.584] INFO (29880): Mapped {/acct-events, POST} route
    context: "RouterExplorer"
[23:32:02.584] INFO (29880): Mapped {/acct-events, GET} route
    context: "RouterExplorer"
[23:32:02.584] INFO (29880): Mapped {/acct-events/:eventCode, GET} route
    context: "RouterExplorer"
[23:32:02.584] INFO (29880): Mapped {/acct-events/:eventCode, PATCH} route
    context: "RouterExplorer"
[23:32:02.584] INFO (29880): Mapped {/acct-events/:eventCode, DELETE} route
    context: "RouterExplorer"
[23:32:02.584] INFO (29880): JournalHeaderTemplatesController {/journal-header-templates}:
    context: "RoutesResolver"
[23:32:02.584] INFO (29880): Mapped {/journal-header-templates, POST} route
    context: "RouterExplorer"
[23:32:02.584] INFO (29880): Mapped {/journal-header-templates, GET} route
    context: "RouterExplorer"
[23:32:02.584] INFO (29880): Mapped {/journal-header-templates/:id, GET} route
    context: "RouterExplorer"
[23:32:02.584] INFO (29880): Mapped {/journal-header-templates/:id, PATCH} route
    context: "RouterExplorer"
[23:32:02.584] INFO (29880): Mapped {/journal-header-templates/:id, DELETE} route
    context: "RouterExplorer"
[23:32:02.584] INFO (29880): JournalLineTemplatesController {/journal-line-templates}:
    context: "RoutesResolver"
[23:32:02.584] INFO (29880): Mapped {/journal-line-templates, POST} route
    context: "RouterExplorer"
[23:32:02.584] INFO (29880): Mapped {/journal-line-templates, GET} route
    context: "RouterExplorer"
[23:32:02.584] INFO (29880): Mapped {/journal-line-templates/:id, GET} route
    context: "RouterExplorer"
[23:32:02.584] INFO (29880): Mapped {/journal-line-templates/:id, PATCH} route
    context: "RouterExplorer"
[23:32:02.584] INFO (29880): Mapped {/journal-line-templates/:id, DELETE} route
    context: "RouterExplorer"
[23:32:02.584] INFO (29880): DepositWorkflowService initialized and listening for events.
    context: "DepositWorkflowService"
[23:32:02.584] INFO (29880): Nest application successfully started
    context: "NestApplication"
[23:32:02.585] INFO (29880): Application running on port 3000
[23:32:14.078] INFO (29880): Simulating payin for wallet 12347b35-64f8-4a0e-a640-3f69dec32e75 (Type: crypto)
    req: {
      "id": 1,
      "method": "POST",
      "url": "/treasury/payins/simulate"
    }
    context: "PayinsService"
[23:32:14.082] INFO (29880): Emitting payin.created event for 633d48b7-6eab-4ea6-aab1-a34a8464bf1d
    req: {
      "id": 1,
      "method": "POST",
      "url": "/treasury/payins/simulate"
    }
    context: "PayinsService"
[23:32:14.082] INFO (29880): Event received: payin.created for 633d48b7-6eab-4ea6-aab1-a34a8464bf1d status=DETECTED
    req: {
      "id": 1,
      "method": "POST",
      "url": "/treasury/payins/simulate"
    }
    context: "DepositWorkflowService"
[23:32:14.083] INFO (29880): request completed
    req: {
      "id": 1,
      "method": "POST",
      "url": "/treasury/payins/simulate"
    }
    res: {
      "statusCode": 201,
      "headers": {
        "x-powered-by": "Express",
        "vary": "Origin",
        "access-control-allow-credentials": "true",
        "content-type": "application/json; charset=utf-8",
        "content-length": "841",
        "etag": "W/\"349-26ydfSVV+drlVBzGSgcpp854Ons\""
      }
    }
    responseTime: 7
[23:32:14.084] INFO (29880): Creating deposit for payin 633d48b7-6eab-4ea6-aab1-a34a8464bf1d
    req: {
      "id": 1,
      "method": "POST",
      "url": "/treasury/payins/simulate"
    }
    context: "DepositWorkflowService"
[23:32:16.100] INFO (29880): Transitioning payin 633d48b7-6eab-4ea6-aab1-a34a8464bf1d from DETECTED to CONFIRMING via action block
    req: {
      "id": 2,
      "method": "PATCH",
      "url": "/treasury/payins/633d48b7-6eab-4ea6-aab1-a34a8464bf1d/status"
    }
    context: "PayinsService"
[23:32:16.103] INFO (29880): Handling payin status change: 633d48b7-6eab-4ea6-aab1-a34a8464bf1d DETECTED -> CONFIRMING
    req: {
      "id": 2,
      "method": "PATCH",
      "url": "/treasury/payins/633d48b7-6eab-4ea6-aab1-a34a8464bf1d/status"
    }
    context: "DepositWorkflowService"
[23:32:16.104] INFO (29880): request completed
    req: {
      "id": 2,
      "method": "PATCH",
      "url": "/treasury/payins/633d48b7-6eab-4ea6-aab1-a34a8464bf1d/status"
    }
    res: {
      "statusCode": 200,
      "headers": {
        "x-powered-by": "Express",
        "vary": "Origin",
        "access-control-allow-credentials": "true",
        "content-type": "application/json; charset=utf-8",
        "content-length": "877",
        "etag": "W/\"36d-3Bc8bC4yIF4e9cSA7ErDoYJ5DdQ\""
      }
    }
    responseTime: 7
[23:32:16.609] INFO (29880): Transitioning payin 633d48b7-6eab-4ea6-aab1-a34a8464bf1d from CONFIRMING to CONFIRMED via action confirm
    req: {
      "id": 3,
      "method": "PATCH",
      "url": "/treasury/payins/633d48b7-6eab-4ea6-aab1-a34a8464bf1d/status"
    }
    context: "PayinsService"
[23:32:16.612] INFO (29880): Handling payin status change: 633d48b7-6eab-4ea6-aab1-a34a8464bf1d CONFIRMING -> CONFIRMED
    req: {
      "id": 3,
      "method": "PATCH",
      "url": "/treasury/payins/633d48b7-6eab-4ea6-aab1-a34a8464bf1d/status"
    }
    context: "DepositWorkflowService"
[23:32:16.613] INFO (29880): request completed
    req: {
      "id": 3,
      "method": "PATCH",
      "url": "/treasury/payins/633d48b7-6eab-4ea6-aab1-a34a8464bf1d/status"
    }
    res: {
      "statusCode": 200,
      "headers": {
        "x-powered-by": "Express",
        "vary": "Origin",
        "access-control-allow-credentials": "true",
        "content-type": "application/json; charset=utf-8",
        "content-length": "876",
        "etag": "W/\"36c-r/9JXSWUnJn3FKtZCWCu4G6H4Hw\""
      }
    }
    responseTime: 6
[23:32:16.615] INFO (29880): EVT_DEPOSIT_CONFIRMED__CRYPTO: depositId=05119e7d-1d78-4eb2-a598-4195e3594172
    req: {
      "id": 3,
      "method": "PATCH",
      "url": "/treasury/payins/633d48b7-6eab-4ea6-aab1-a34a8464bf1d/status"
    }
    context: "DepositWorkflowService"
[23:32:16.618] INFO (29880): Creating journal entry for deposit 05119e7d-1d78-4eb2-a598-4195e3594172 event EVT_DEPOSIT_CONFIRMED__CRYPTO using template TPL_EVT_DEPOSIT_CONFIRMED__CRYPTO_V1
    req: {
      "id": 3,
      "method": "PATCH",
      "url": "/treasury/payins/633d48b7-6eab-4ea6-aab1-a34a8464bf1d/status"
    }
    context: "JournalsService"
[2J[3J[H[[90m23:32:28[0m] File change detected. Starting incremental compilation...

[[90m23:32:28[0m] Found 0 errors. Watching for file changes.

CustomersService initialized with NotificationsGateway
[23:32:28.990] INFO (30154): Starting Nest application...
    context: "NestFactory"
[23:32:28.991] INFO (30154): AppModule dependencies initialized
    context: "InstanceLoader"
[23:32:28.991] INFO (30154): PrismaModule dependencies initialized
    context: "InstanceLoader"
[23:32:28.991] INFO (30154): PassportModule dependencies initialized
    context: "InstanceLoader"
[23:32:28.991] INFO (30154): NotificationsModule dependencies initialized
    context: "InstanceLoader"
[23:32:28.991] INFO (30154): ConfigHostModule dependencies initialized
    context: "InstanceLoader"
[23:32:28.991] INFO (30154): JwtModule dependencies initialized
    context: "InstanceLoader"
[23:32:28.991] INFO (30154): DiscoveryModule dependencies initialized
    context: "InstanceLoader"
[23:32:28.991] INFO (30154): ConfigModule dependencies initialized
    context: "InstanceLoader"
[23:32:28.991] INFO (30154): EventEmitterModule dependencies initialized
    context: "InstanceLoader"
[23:32:28.991] INFO (30154): WorkflowsModule dependencies initialized
    context: "InstanceLoader"
[23:32:28.991] INFO (30154): LoggerModule dependencies initialized
    context: "InstanceLoader"
[23:32:28.991] INFO (30154): CoaModule dependencies initialized
    context: "InstanceLoader"
[23:32:28.991] INFO (30154): JournalsModule dependencies initialized
    context: "InstanceLoader"
[23:32:28.991] INFO (30154): JournalLinesModule dependencies initialized
    context: "InstanceLoader"
[23:32:28.991] INFO (30154): AcctEventsModule dependencies initialized
    context: "InstanceLoader"
[23:32:28.991] INFO (30154): JournalHeaderTemplatesModule dependencies initialized
    context: "InstanceLoader"
[23:32:28.991] INFO (30154): JournalLineTemplatesModule dependencies initialized
    context: "InstanceLoader"
[23:32:28.991] INFO (30154): AuthModule dependencies initialized
    context: "InstanceLoader"
[23:32:28.991] INFO (30154): UsersModule dependencies initialized
    context: "InstanceLoader"
[23:32:28.991] INFO (30154): LiquidityProvidersModule dependencies initialized
    context: "InstanceLoader"
[23:32:28.991] INFO (30154): AssetsModule dependencies initialized
    context: "InstanceLoader"
[23:32:28.991] INFO (30154): LiquidityConfigModule dependencies initialized
    context: "InstanceLoader"
[23:32:28.991] INFO (30154): WalletsModule dependencies initialized
    context: "InstanceLoader"
[23:32:28.991] INFO (30154): CustomersModule dependencies initialized
    context: "InstanceLoader"
[23:32:28.991] INFO (30154): PayinsModule dependencies initialized
    context: "InstanceLoader"
[23:32:28.991] INFO (30154): DepositTransactionsModule dependencies initialized
    context: "InstanceLoader"
[23:32:28.991] INFO (30154): UsersController {/users}:
    context: "RoutesResolver"
[23:32:28.991] INFO (30154): Mapped {/users, GET} route
    context: "RouterExplorer"
[23:32:28.991] INFO (30154): CustomerAuthController {/auth/customer}:
    context: "RoutesResolver"
[23:32:28.991] INFO (30154): Mapped {/auth/customer/register, POST} route
    context: "RouterExplorer"
[23:32:28.991] INFO (30154): Mapped {/auth/customer/login, POST} route
    context: "RouterExplorer"
[23:32:28.991] INFO (30154): AuthController {/auth}:
    context: "RoutesResolver"
[23:32:28.991] INFO (30154): Mapped {/auth/login, POST} route
    context: "RouterExplorer"
[23:32:28.991] INFO (30154): CustomersController {/customers}:
    context: "RoutesResolver"
[23:32:28.991] INFO (30154): Mapped {/customers, POST} route
    context: "RouterExplorer"
[23:32:28.991] INFO (30154): Mapped {/customers, GET} route
    context: "RouterExplorer"
[23:32:28.991] INFO (30154): Mapped {/customers/:id, GET} route
    context: "RouterExplorer"
[23:32:28.991] INFO (30154): Mapped {/customers/:id, PATCH} route
    context: "RouterExplorer"
[23:32:28.991] INFO (30154): Mapped {/customers/:id/status, POST} route
    context: "RouterExplorer"
[23:32:28.991] INFO (30154): Mapped {/customers/:id, DELETE} route
    context: "RouterExplorer"
[23:32:28.991] INFO (30154): LiquidityProvidersController {/liquidity-providers}:
    context: "RoutesResolver"
[23:32:28.991] INFO (30154): Mapped {/liquidity-providers, POST} route
    context: "RouterExplorer"
[23:32:28.991] INFO (30154): Mapped {/liquidity-providers, GET} route
    context: "RouterExplorer"
[23:32:28.991] INFO (30154): Mapped {/liquidity-providers/:id, GET} route
    context: "RouterExplorer"
[23:32:28.991] INFO (30154): Mapped {/liquidity-providers/:id/status, PATCH} route
    context: "RouterExplorer"
[23:32:28.991] INFO (30154): AssetsController {/assets}:
    context: "RoutesResolver"
[23:32:28.991] INFO (30154): Mapped {/assets, POST} route
    context: "RouterExplorer"
[23:32:28.991] INFO (30154): Mapped {/assets, GET} route
    context: "RouterExplorer"
[23:32:28.991] INFO (30154): Mapped {/assets/:id, GET} route
    context: "RouterExplorer"
[23:32:28.991] INFO (30154): Mapped {/assets/:id/status, PATCH} route
    context: "RouterExplorer"
[23:32:28.991] INFO (30154): LiquidityConfigController {/liquidity-configurations}:
    context: "RoutesResolver"
[23:32:28.991] INFO (30154): Mapped {/liquidity-configurations, POST} route
    context: "RouterExplorer"
[23:32:28.991] INFO (30154): Mapped {/liquidity-configurations, GET} route
    context: "RouterExplorer"
[23:32:28.991] INFO (30154): Mapped {/liquidity-configurations/available, GET} route
    context: "RouterExplorer"
[23:32:28.991] INFO (30154): Mapped {/liquidity-configurations/lp/:lpId, GET} route
    context: "RouterExplorer"
[23:32:28.991] INFO (30154): Mapped {/liquidity-configurations/:id, GET} route
    context: "RouterExplorer"
[23:32:28.991] INFO (30154): Mapped {/liquidity-configurations/:id, PUT} route
    context: "RouterExplorer"
[23:32:28.991] INFO (30154): Mapped {/liquidity-configurations/:id, DELETE} route
    context: "RouterExplorer"
[23:32:28.991] INFO (30154): Mapped {/liquidity-configurations/:id/status, PATCH} route
    context: "RouterExplorer"
[23:32:28.991] INFO (30154): WalletsController {/wallets}:
    context: "RoutesResolver"
[23:32:28.991] INFO (30154): Mapped {/wallets, POST} route
    context: "RouterExplorer"
[23:32:28.991] INFO (30154): Mapped {/wallets, GET} route
    context: "RouterExplorer"
[23:32:28.991] INFO (30154): Mapped {/wallets/:id, GET} route
    context: "RouterExplorer"
[23:32:28.991] INFO (30154): Mapped {/wallets/:id/status, PATCH} route
    context: "RouterExplorer"
[23:32:28.991] INFO (30154): PayinsController {/treasury/payins}:
    context: "RoutesResolver"
[23:32:28.991] INFO (30154): Mapped {/treasury/payins/simulate, POST} route
    context: "RouterExplorer"
[23:32:28.991] INFO (30154): Mapped {/treasury/payins, GET} route
    context: "RouterExplorer"
[23:32:28.991] INFO (30154): Mapped {/treasury/payins/:id, GET} route
    context: "RouterExplorer"
[23:32:28.991] INFO (30154): Mapped {/treasury/payins/:id/status, PATCH} route
    context: "RouterExplorer"
[23:32:28.991] INFO (30154): DepositTransactionsController {/deposit-transactions}:
    context: "RoutesResolver"
[23:32:28.991] INFO (30154): Mapped {/deposit-transactions, GET} route
    context: "RouterExplorer"
[23:32:28.991] INFO (30154): Mapped {/deposit-transactions/:id, GET} route
    context: "RouterExplorer"
[23:32:28.991] INFO (30154): Mapped {/deposit-transactions, POST} route
    context: "RouterExplorer"
[23:32:28.991] INFO (30154): Mapped {/deposit-transactions/:id/status, PATCH} route
    context: "RouterExplorer"
[23:32:28.991] INFO (30154): Mapped {/deposit-transactions/export, GET} route
    context: "RouterExplorer"
[23:32:28.991] INFO (30154): CoaController {/coa}:
    context: "RoutesResolver"
[23:32:28.991] INFO (30154): Mapped {/coa, POST} route
    context: "RouterExplorer"
[23:32:28.991] INFO (30154): Mapped {/coa, GET} route
    context: "RouterExplorer"
[23:32:28.991] INFO (30154): Mapped {/coa/:id, GET} route
    context: "RouterExplorer"
[23:32:28.991] INFO (30154): Mapped {/coa/:id, PATCH} route
    context: "RouterExplorer"
[23:32:28.991] INFO (30154): Mapped {/coa/:id, DELETE} route
    context: "RouterExplorer"
[23:32:28.991] INFO (30154): JournalsController {/journals}:
    context: "RoutesResolver"
[23:32:28.991] INFO (30154): Mapped {/journals, GET} route
    context: "RouterExplorer"
[23:32:28.991] INFO (30154): Mapped {/journals/:id, GET} route
    context: "RouterExplorer"
[23:32:28.991] INFO (30154): JournalLinesController {/journal-lines}:
    context: "RoutesResolver"
[23:32:28.991] INFO (30154): Mapped {/journal-lines, GET} route
    context: "RouterExplorer"
[23:32:28.991] INFO (30154): Mapped {/journal-lines/:id, GET} route
    context: "RouterExplorer"
[23:32:28.991] INFO (30154): AcctEventsController {/acct-events}:
    context: "RoutesResolver"
[23:32:28.991] INFO (30154): Mapped {/acct-events, POST} route
    context: "RouterExplorer"
[23:32:28.991] INFO (30154): Mapped {/acct-events, GET} route
    context: "RouterExplorer"
[23:32:28.991] INFO (30154): Mapped {/acct-events/:eventCode, GET} route
    context: "RouterExplorer"
[23:32:28.991] INFO (30154): Mapped {/acct-events/:eventCode, PATCH} route
    context: "RouterExplorer"
[23:32:28.991] INFO (30154): Mapped {/acct-events/:eventCode, DELETE} route
    context: "RouterExplorer"
[23:32:28.991] INFO (30154): JournalHeaderTemplatesController {/journal-header-templates}:
    context: "RoutesResolver"
[23:32:28.991] INFO (30154): Mapped {/journal-header-templates, POST} route
    context: "RouterExplorer"
[23:32:28.991] INFO (30154): Mapped {/journal-header-templates, GET} route
    context: "RouterExplorer"
[23:32:28.991] INFO (30154): Mapped {/journal-header-templates/:id, GET} route
    context: "RouterExplorer"
[23:32:28.991] INFO (30154): Mapped {/journal-header-templates/:id, PATCH} route
    context: "RouterExplorer"
[23:32:28.991] INFO (30154): Mapped {/journal-header-templates/:id, DELETE} route
    context: "RouterExplorer"
[23:32:28.991] INFO (30154): JournalLineTemplatesController {/journal-line-templates}:
    context: "RoutesResolver"
[23:32:28.991] INFO (30154): Mapped {/journal-line-templates, POST} route
    context: "RouterExplorer"
[23:32:28.991] INFO (30154): Mapped {/journal-line-templates, GET} route
    context: "RouterExplorer"
[23:32:28.991] INFO (30154): Mapped {/journal-line-templates/:id, GET} route
    context: "RouterExplorer"
[23:32:28.991] INFO (30154): Mapped {/journal-line-templates/:id, PATCH} route
    context: "RouterExplorer"
[23:32:28.991] INFO (30154): Mapped {/journal-line-templates/:id, DELETE} route
    context: "RouterExplorer"
[23:32:28.991] INFO (30154): DepositWorkflowService initialized and listening for events.
    context: "DepositWorkflowService"
[23:32:28.991] INFO (30154): Nest application successfully started
    context: "NestApplication"
[23:32:28.991] INFO (30154): Application running on port 3000
[23:33:09.583] INFO (30154): request completed
    req: {
      "id": 1,
      "method": "GET",
      "url": "/deposit-transactions?"
    }
    res: {
      "statusCode": 200,
      "headers": {
        "x-powered-by": "Express",
        "access-control-allow-origin": "http://localhost:3001",
        "vary": "Origin",
        "access-control-allow-credentials": "true",
        "content-type": "application/json; charset=utf-8",
        "content-length": "8138",
        "etag": "W/\"1fca-JYGNd5y53Iu8ZTYtp21NRuphD1g\""
      }
    }
    responseTime: 9
[23:33:09.586] INFO (30154): request completed
    req: {
      "id": 2,
      "method": "GET",
      "url": "/deposit-transactions?"
    }
    res: {
      "statusCode": 304,
      "headers": {
        "x-powered-by": "Express",
        "access-control-allow-origin": "http://localhost:3001",
        "vary": "Origin",
        "access-control-allow-credentials": "true",
        "etag": "W/\"1fca-JYGNd5y53Iu8ZTYtp21NRuphD1g\""
      }
    }
    responseTime: 2
[23:33:12.038] INFO (30154): request completed
    req: {
      "id": 3,
      "method": "GET",
      "url": "/treasury/payins?"
    }
    res: {
      "statusCode": 200,
      "headers": {
        "x-powered-by": "Express",
        "access-control-allow-origin": "http://localhost:3001",
        "vary": "Origin",
        "access-control-allow-credentials": "true",
        "content-type": "application/json; charset=utf-8",
        "content-length": "12925",
        "etag": "W/\"327d-qPn4XcYQhP9TgVgVo8lJWIozEuI\""
      }
    }
    responseTime: 3
[23:33:12.043] INFO (30154): request completed
    req: {
      "id": 4,
      "method": "GET",
      "url": "/treasury/payins?"
    }
    res: {
      "statusCode": 304,
      "headers": {
        "x-powered-by": "Express",
        "access-control-allow-origin": "http://localhost:3001",
        "vary": "Origin",
        "access-control-allow-credentials": "true",
        "etag": "W/\"327d-qPn4XcYQhP9TgVgVo8lJWIozEuI\""
      }
    }
    responseTime: 3
[23:33:16.304] INFO (30154): Transitioning payin 0e34579c-52ce-42a7-98d9-951faa928fd4 from DETECTED to CONFIRMING via action block
    req: {
      "id": 5,
      "method": "PATCH",
      "url": "/treasury/payins/0e34579c-52ce-42a7-98d9-951faa928fd4/status"
    }
    context: "PayinsService"
[23:33:16.306] INFO (30154): Handling payin status change: 0e34579c-52ce-42a7-98d9-951faa928fd4 DETECTED -> CONFIRMING
    req: {
      "id": 5,
      "method": "PATCH",
      "url": "/treasury/payins/0e34579c-52ce-42a7-98d9-951faa928fd4/status"
    }
    context: "DepositWorkflowService"
[23:33:16.307] INFO (30154): request completed
    req: {
      "id": 5,
      "method": "PATCH",
      "url": "/treasury/payins/0e34579c-52ce-42a7-98d9-951faa928fd4/status"
    }
    res: {
      "statusCode": 200,
      "headers": {
        "x-powered-by": "Express",
        "access-control-allow-origin": "http://localhost:3001",
        "vary": "Origin",
        "access-control-allow-credentials": "true",
        "content-type": "application/json; charset=utf-8",
        "content-length": "877",
        "etag": "W/\"36d-b+CLXHP93tmR9AugQc2eFDWd9hg\""
      }
    }
    responseTime: 6
[23:33:16.318] INFO (30154): request completed
    req: {
      "id": 6,
      "method": "GET",
      "url": "/treasury/payins?"
    }
    res: {
      "statusCode": 200,
      "headers": {
        "x-powered-by": "Express",
        "access-control-allow-origin": "http://localhost:3001",
        "vary": "Origin",
        "access-control-allow-credentials": "true",
        "content-type": "application/json; charset=utf-8",
        "content-length": "12927",
        "etag": "W/\"327f-luN6IhUMH3VYMCM3R3vJluTJ9gQ\""
      }
    }
    responseTime: 2
[23:33:17.708] INFO (30154): Transitioning payin 0e34579c-52ce-42a7-98d9-951faa928fd4 from CONFIRMING to CONFIRMED via action confirm
    req: {
      "id": 7,
      "method": "PATCH",
      "url": "/treasury/payins/0e34579c-52ce-42a7-98d9-951faa928fd4/status"
    }
    context: "PayinsService"
[23:33:17.710] INFO (30154): Handling payin status change: 0e34579c-52ce-42a7-98d9-951faa928fd4 CONFIRMING -> CONFIRMED
    req: {
      "id": 7,
      "method": "PATCH",
      "url": "/treasury/payins/0e34579c-52ce-42a7-98d9-951faa928fd4/status"
    }
    context: "DepositWorkflowService"
[23:33:17.710] INFO (30154): request completed
    req: {
      "id": 7,
      "method": "PATCH",
      "url": "/treasury/payins/0e34579c-52ce-42a7-98d9-951faa928fd4/status"
    }
    res: {
      "statusCode": 200,
      "headers": {
        "x-powered-by": "Express",
        "access-control-allow-origin": "http://localhost:3001",
        "vary": "Origin",
        "access-control-allow-credentials": "true",
        "content-type": "application/json; charset=utf-8",
        "content-length": "876",
        "etag": "W/\"36c-bl4snNh1rJp2zmhYrhi0pPBaLRo\""
      }
    }
    responseTime: 5
[23:33:17.712] INFO (30154): EVT_DEPOSIT_CONFIRMED__CRYPTO: depositId=21554e37-1faa-4d0f-8489-71a246e9f7ca
    req: {
      "id": 7,
      "method": "PATCH",
      "url": "/treasury/payins/0e34579c-52ce-42a7-98d9-951faa928fd4/status"
    }
    context: "DepositWorkflowService"
[23:33:17.715] INFO (30154): Creating journal entry for deposit 21554e37-1faa-4d0f-8489-71a246e9f7ca event EVT_DEPOSIT_CONFIRMED__CRYPTO using template TPL_EVT_DEPOSIT_CONFIRMED__CRYPTO_V1
    req: {
      "id": 7,
      "method": "PATCH",
      "url": "/treasury/payins/0e34579c-52ce-42a7-98d9-951faa928fd4/status"
    }
    context: "JournalsService"
[23:33:17.734] INFO (30154): request completed
    req: {
      "id": 8,
      "method": "GET",
      "url": "/treasury/payins?"
    }
    res: {
      "statusCode": 200,
      "headers": {
        "x-powered-by": "Express",
        "access-control-allow-origin": "http://localhost:3001",
        "vary": "Origin",
        "access-control-allow-credentials": "true",
        "content-type": "application/json; charset=utf-8",
        "content-length": "12926",
        "etag": "W/\"327e-KJ/AN05mDV7ooKT3X0slTzYRQMI\""
      }
    }
    responseTime: 2
[23:33:19.376] INFO (30154): request completed
    req: {
      "id": 9,
      "method": "GET",
      "url": "/journals?skip=0&take=10&sortBy=createdAt&sortOrder=desc"
    }
    res: {
      "statusCode": 200,
      "headers": {
        "x-powered-by": "Express",
        "access-control-allow-origin": "http://localhost:3001",
        "vary": "Origin",
        "access-control-allow-credentials": "true",
        "content-type": "application/json; charset=utf-8",
        "content-length": "1335",
        "etag": "W/\"537-PI8CcnAlqbW7c3ynKUhzQlDrViY\""
      }
    }
    responseTime: 3
[23:33:19.378] INFO (30154): request completed
    req: {
      "id": 10,
      "method": "GET",
      "url": "/journals?skip=0&take=10&sortBy=createdAt&sortOrder=desc"
    }
    res: {
      "statusCode": 304,
      "headers": {
        "x-powered-by": "Express",
        "access-control-allow-origin": "http://localhost:3001",
        "vary": "Origin",
        "access-control-allow-credentials": "true",
        "etag": "W/\"537-PI8CcnAlqbW7c3ynKUhzQlDrViY\""
      }
    }
    responseTime: 1
[23:33:24.066] INFO (30154): request completed
    req: {
      "id": 11,
      "method": "GET",
      "url": "/journals/b3c180e3-cdde-4aea-a9fc-83e9a6c1fc07"
    }
    res: {
      "statusCode": 200,
      "headers": {
        "x-powered-by": "Express",
        "access-control-allow-origin": "http://localhost:3001",
        "vary": "Origin",
        "access-control-allow-credentials": "true",
        "content-type": "application/json; charset=utf-8",
        "content-length": "642",
        "etag": "W/\"282-hgpMcdsJ9tXBaMXjqt6V9R/6/Mw\""
      }
    }
    responseTime: 1
[23:33:24.068] INFO (30154): request completed
    req: {
      "id": 12,
      "method": "GET",
      "url": "/journals/b3c180e3-cdde-4aea-a9fc-83e9a6c1fc07"
    }
    res: {
      "statusCode": 304,
      "headers": {
        "x-powered-by": "Express",
        "access-control-allow-origin": "http://localhost:3001",
        "vary": "Origin",
        "access-control-allow-credentials": "true",
        "etag": "W/\"282-hgpMcdsJ9tXBaMXjqt6V9R/6/Mw\""
      }
    }
    responseTime: 2
[23:33:38.430] INFO (30154): request completed
    req: {
      "id": 13,
      "method": "GET",
      "url": "/deposit-transactions?"
    }
    res: {
      "statusCode": 200,
      "headers": {
        "x-powered-by": "Express",
        "access-control-allow-origin": "http://localhost:3001",
        "vary": "Origin",
        "access-control-allow-credentials": "true",
        "content-type": "application/json; charset=utf-8",
        "content-length": "8135",
        "etag": "W/\"1fc7-2W4SfY+HwMA1Jr7DVukrecVacjE\""
      }
    }
    responseTime: 3
[23:33:38.433] INFO (30154): request completed
    req: {
      "id": 14,
      "method": "GET",
      "url": "/deposit-transactions?"
    }
    res: {
      "statusCode": 304,
      "headers": {
        "x-powered-by": "Express",
        "access-control-allow-origin": "http://localhost:3001",
        "vary": "Origin",
        "access-control-allow-credentials": "true",
        "etag": "W/\"1fc7-2W4SfY+HwMA1Jr7DVukrecVacjE\""
      }
    }
    responseTime: 2
[23:33:50.105] INFO (30154): request completed
    req: {
      "id": 15,
      "method": "GET",
      "url": "/journal-lines?skip=0&take=10&sortBy=createdAt&sortOrder=desc"
    }
    res: {
      "statusCode": 200,
      "headers": {
        "x-powered-by": "Express",
        "access-control-allow-origin": "http://localhost:3001",
        "vary": "Origin",
        "access-control-allow-credentials": "true",
        "content-type": "application/json; charset=utf-8",
        "content-length": "1783",
        "etag": "W/\"6f7-spDlYZ+QBhBQYcF6cAIYlm6WZtY\""
      }
    }
    responseTime: 1
[23:33:50.108] INFO (30154): request completed
    req: {
      "id": 16,
      "method": "GET",
      "url": "/journal-lines?skip=0&take=10&sortBy=createdAt&sortOrder=desc"
    }
    res: {
      "statusCode": 304,
      "headers": {
        "x-powered-by": "Express",
        "access-control-allow-origin": "http://localhost:3001",
        "vary": "Origin",
        "access-control-allow-credentials": "true",
        "etag": "W/\"6f7-spDlYZ+QBhBQYcF6cAIYlm6WZtY\""
      }
    }
    responseTime: 2
[23:33:57.053] INFO (30154): request completed
    req: {
      "id": 17,
      "method": "GET",
      "url": "/treasury/payins?"
    }
    res: {
      "statusCode": 304,
      "headers": {
        "x-powered-by": "Express",
        "access-control-allow-origin": "http://localhost:3001",
        "vary": "Origin",
        "access-control-allow-credentials": "true",
        "etag": "W/\"327e-KJ/AN05mDV7ooKT3X0slTzYRQMI\""
      }
    }
    responseTime: 2
[23:33:57.055] INFO (30154): request completed
    req: {
      "id": 18,
      "method": "GET",
      "url": "/treasury/payins?"
    }
    res: {
      "statusCode": 304,
      "headers": {
        "x-powered-by": "Express",
        "access-control-allow-origin": "http://localhost:3001",
        "vary": "Origin",
        "access-control-allow-credentials": "true",
        "etag": "W/\"327e-KJ/AN05mDV7ooKT3X0slTzYRQMI\""
      }
    }
    responseTime: 1
[23:33:59.371] INFO (30154): Transitioning payin 633d48b7-6eab-4ea6-aab1-a34a8464bf1d from CONFIRMED to PENDING_COMPLIANCE via action check
    req: {
      "id": 19,
      "method": "PATCH",
      "url": "/treasury/payins/633d48b7-6eab-4ea6-aab1-a34a8464bf1d/status"
    }
    context: "PayinsService"
[23:33:59.374] INFO (30154): Handling payin status change: 633d48b7-6eab-4ea6-aab1-a34a8464bf1d CONFIRMED -> PENDING_COMPLIANCE
    req: {
      "id": 19,
      "method": "PATCH",
      "url": "/treasury/payins/633d48b7-6eab-4ea6-aab1-a34a8464bf1d/status"
    }
    context: "DepositWorkflowService"
[23:33:59.374] INFO (30154): request completed
    req: {
      "id": 19,
      "method": "PATCH",
      "url": "/treasury/payins/633d48b7-6eab-4ea6-aab1-a34a8464bf1d/status"
    }
    res: {
      "statusCode": 200,
      "headers": {
        "x-powered-by": "Express",
        "access-control-allow-origin": "http://localhost:3001",
        "vary": "Origin",
        "access-control-allow-credentials": "true",
        "content-type": "application/json; charset=utf-8",
        "content-length": "885",
        "etag": "W/\"375-vIMugqRWZI2wMzYRLnV4vZtZg9Q\""
      }
    }
    responseTime: 5
[23:33:59.397] INFO (30154): request completed
    req: {
      "id": 20,
      "method": "GET",
      "url": "/treasury/payins?"
    }
    res: {
      "statusCode": 200,
      "headers": {
        "x-powered-by": "Express",
        "access-control-allow-origin": "http://localhost:3001",
        "vary": "Origin",
        "access-control-allow-credentials": "true",
        "content-type": "application/json; charset=utf-8",
        "content-length": "12935",
        "etag": "W/\"3287-4PPs+NnSA3hnQ+jyrZ62+jYr2AA\""
      }
    }
    responseTime: 2
[23:34:00.545] INFO (30154): Transitioning payin 633d48b7-6eab-4ea6-aab1-a34a8464bf1d from PENDING_COMPLIANCE to CLEARED via action clear
    req: {
      "id": 21,
      "method": "PATCH",
      "url": "/treasury/payins/633d48b7-6eab-4ea6-aab1-a34a8464bf1d/status"
    }
    context: "PayinsService"
[23:34:00.547] INFO (30154): Handling payin status change: 633d48b7-6eab-4ea6-aab1-a34a8464bf1d PENDING_COMPLIANCE -> CLEARED
    req: {
      "id": 21,
      "method": "PATCH",
      "url": "/treasury/payins/633d48b7-6eab-4ea6-aab1-a34a8464bf1d/status"
    }
    context: "DepositWorkflowService"
[23:34:00.548] INFO (30154): request completed
    req: {
      "id": 21,
      "method": "PATCH",
      "url": "/treasury/payins/633d48b7-6eab-4ea6-aab1-a34a8464bf1d/status"
    }
    res: {
      "statusCode": 200,
      "headers": {
        "x-powered-by": "Express",
        "access-control-allow-origin": "http://localhost:3001",
        "vary": "Origin",
        "access-control-allow-credentials": "true",
        "content-type": "application/json; charset=utf-8",
        "content-length": "874",
        "etag": "W/\"36a-uxNtVZYieUMAipTzhMWdjhbL+gA\""
      }
    }
    responseTime: 6
[23:34:00.550] INFO (30154): EVT_DEPOSIT_SUCCESS__CRYPTO: depositId=05119e7d-1d78-4eb2-a598-4195e3594172
    req: {
      "id": 21,
      "method": "PATCH",
      "url": "/treasury/payins/633d48b7-6eab-4ea6-aab1-a34a8464bf1d/status"
    }
    context: "DepositWorkflowService"
[23:34:00.552] INFO (30154): Creating journal entry for deposit 05119e7d-1d78-4eb2-a598-4195e3594172 event EVT_DEPOSIT_SUCCESS__CRYPTO using template TPL_EVT_DEPOSIT_SUCCESS__CRYPTO_V1
    req: {
      "id": 21,
      "method": "PATCH",
      "url": "/treasury/payins/633d48b7-6eab-4ea6-aab1-a34a8464bf1d/status"
    }
    context: "JournalsService"
[23:34:00.572] INFO (30154): request completed
    req: {
      "id": 22,
      "method": "GET",
      "url": "/treasury/payins?"
    }
    res: {
      "statusCode": 200,
      "headers": {
        "x-powered-by": "Express",
        "access-control-allow-origin": "http://localhost:3001",
        "vary": "Origin",
        "access-control-allow-credentials": "true",
        "content-type": "application/json; charset=utf-8",
        "content-length": "12924",
        "etag": "W/\"327c-SIQT6e9oseuxcyhOjrZ2W2OtGl8\""
      }
    }
    responseTime: 2
[23:34:02.300] INFO (30154): request completed
    req: {
      "id": 23,
      "method": "GET",
      "url": "/journals?skip=0&take=10&sortBy=createdAt&sortOrder=desc"
    }
    res: {
      "statusCode": 200,
      "headers": {
        "x-powered-by": "Express",
        "access-control-allow-origin": "http://localhost:3001",
        "vary": "Origin",
        "access-control-allow-credentials": "true",
        "content-type": "application/json; charset=utf-8",
        "content-length": "1771",
        "etag": "W/\"6eb-4lc3foaJbuY01vpEH1SlhMIYTwE\""
      }
    }
    responseTime: 5
[23:34:02.303] INFO (30154): request completed
    req: {
      "id": 24,
      "method": "GET",
      "url": "/journals?skip=0&take=10&sortBy=createdAt&sortOrder=desc"
    }
    res: {
      "statusCode": 304,
      "headers": {
        "x-powered-by": "Express",
        "access-control-allow-origin": "http://localhost:3001",
        "vary": "Origin",
        "access-control-allow-credentials": "true",
        "etag": "W/\"6eb-4lc3foaJbuY01vpEH1SlhMIYTwE\""
      }
    }
    responseTime: 1
[23:34:31.020] INFO (30154): request completed
    req: {
      "id": 25,
      "method": "GET",
      "url": "/journals/f43ecd83-bc5d-4ba3-8308-55983acd60db"
    }
    res: {
      "statusCode": 200,
      "headers": {
        "x-powered-by": "Express",
        "access-control-allow-origin": "http://localhost:3001",
        "vary": "Origin",
        "access-control-allow-credentials": "true",
        "content-type": "application/json; charset=utf-8",
        "content-length": "640",
        "etag": "W/\"280-bhWssaVq4eDatWcHYJXOYVk0p0k\""
      }
    }
    responseTime: 1
[23:34:31.023] INFO (30154): request completed
    req: {
      "id": 26,
      "method": "GET",
      "url": "/journals/f43ecd83-bc5d-4ba3-8308-55983acd60db"
    }
    res: {
      "statusCode": 304,
      "headers": {
        "x-powered-by": "Express",
        "access-control-allow-origin": "http://localhost:3001",
        "vary": "Origin",
        "access-control-allow-credentials": "true",
        "etag": "W/\"280-bhWssaVq4eDatWcHYJXOYVk0p0k\""
      }
    }
    responseTime: 2
[23:34:33.219] INFO (30154): request completed
    req: {
      "id": 27,
      "method": "GET",
      "url": "/journals?skip=0&take=10&sortBy=createdAt&sortOrder=desc"
    }
    res: {
      "statusCode": 304,
      "headers": {
        "x-powered-by": "Express",
        "access-control-allow-origin": "http://localhost:3001",
        "vary": "Origin",
        "access-control-allow-credentials": "true",
        "etag": "W/\"6eb-4lc3foaJbuY01vpEH1SlhMIYTwE\""
      }
    }
    responseTime: 1
[23:34:33.221] INFO (30154): request completed
    req: {
      "id": 28,
      "method": "GET",
      "url": "/journals?skip=0&take=10&sortBy=createdAt&sortOrder=desc"
    }
    res: {
      "statusCode": 304,
      "headers": {
        "x-powered-by": "Express",
        "access-control-allow-origin": "http://localhost:3001",
        "vary": "Origin",
        "access-control-allow-credentials": "true",
        "etag": "W/\"6eb-4lc3foaJbuY01vpEH1SlhMIYTwE\""
      }
    }
    responseTime: 1
[23:34:35.347] INFO (30154): request completed
    req: {
      "id": 29,
      "method": "GET",
      "url": "/journal-lines?skip=0&take=10&sortBy=createdAt&sortOrder=desc"
    }
    res: {
      "statusCode": 200,
      "headers": {
        "x-powered-by": "Express",
        "access-control-allow-origin": "http://localhost:3001",
        "vary": "Origin",
        "access-control-allow-credentials": "true",
        "content-type": "application/json; charset=utf-8",
        "content-length": "3531",
        "etag": "W/\"dcb-CjuWAJHuUCLtjYsLeSVJyF78xGk\""
      }
    }
    responseTime: 3
[23:34:35.350] INFO (30154): request completed
    req: {
      "id": 30,
      "method": "GET",
      "url": "/journal-lines?skip=0&take=10&sortBy=createdAt&sortOrder=desc"
    }
    res: {
      "statusCode": 304,
      "headers": {
        "x-powered-by": "Express",
        "access-control-allow-origin": "http://localhost:3001",
        "vary": "Origin",
        "access-control-allow-credentials": "true",
        "etag": "W/\"dcb-CjuWAJHuUCLtjYsLeSVJyF78xGk\""
      }
    }
    responseTime: 2
[23:34:40.222] INFO (30154): request completed
    req: {
      "id": 31,
      "method": "GET",
      "url": "/journals?skip=0&take=10&sortBy=createdAt&sortOrder=desc"
    }
    res: {
      "statusCode": 304,
      "headers": {
        "x-powered-by": "Express",
        "access-control-allow-origin": "http://localhost:3001",
        "vary": "Origin",
        "access-control-allow-credentials": "true",
        "etag": "W/\"6eb-4lc3foaJbuY01vpEH1SlhMIYTwE\""
      }
    }
    responseTime: 1
[23:34:40.225] INFO (30154): request completed
    req: {
      "id": 32,
      "method": "GET",
      "url": "/journals?skip=0&take=10&sortBy=createdAt&sortOrder=desc"
    }
    res: {
      "statusCode": 304,
      "headers": {
        "x-powered-by": "Express",
        "access-control-allow-origin": "http://localhost:3001",
        "vary": "Origin",
        "access-control-allow-credentials": "true",
        "etag": "W/\"6eb-4lc3foaJbuY01vpEH1SlhMIYTwE\""
      }
    }
    responseTime: 2
[23:34:43.998] INFO (30154): request completed
    req: {
      "id": 33,
      "method": "GET",
      "url": "/treasury/payins?"
    }
    res: {
      "statusCode": 304,
      "headers": {
        "x-powered-by": "Express",
        "access-control-allow-origin": "http://localhost:3001",
        "vary": "Origin",
        "access-control-allow-credentials": "true",
        "etag": "W/\"327c-SIQT6e9oseuxcyhOjrZ2W2OtGl8\""
      }
    }
    responseTime: 3
[23:34:44.000] INFO (30154): request completed
    req: {
      "id": 34,
      "method": "GET",
      "url": "/treasury/payins?"
    }
    res: {
      "statusCode": 304,
      "headers": {
        "x-powered-by": "Express",
        "access-control-allow-origin": "http://localhost:3001",
        "vary": "Origin",
        "access-control-allow-credentials": "true",
        "etag": "W/\"327c-SIQT6e9oseuxcyhOjrZ2W2OtGl8\""
      }
    }
    responseTime: 1
[23:34:48.285] INFO (30154): Transitioning payin 0e34579c-52ce-42a7-98d9-951faa928fd4 from CONFIRMED to PENDING_COMPLIANCE via action check
    req: {
      "id": 35,
      "method": "PATCH",
      "url": "/treasury/payins/0e34579c-52ce-42a7-98d9-951faa928fd4/status"
    }
    context: "PayinsService"
[23:34:48.286] INFO (30154): Handling payin status change: 0e34579c-52ce-42a7-98d9-951faa928fd4 CONFIRMED -> PENDING_COMPLIANCE
    req: {
      "id": 35,
      "method": "PATCH",
      "url": "/treasury/payins/0e34579c-52ce-42a7-98d9-951faa928fd4/status"
    }
    context: "DepositWorkflowService"
[23:34:48.287] INFO (30154): request completed
    req: {
      "id": 35,
      "method": "PATCH",
      "url": "/treasury/payins/0e34579c-52ce-42a7-98d9-951faa928fd4/status"
    }
    res: {
      "statusCode": 200,
      "headers": {
        "x-powered-by": "Express",
        "access-control-allow-origin": "http://localhost:3001",
        "vary": "Origin",
        "access-control-allow-credentials": "true",
        "content-type": "application/json; charset=utf-8",
        "content-length": "885",
        "etag": "W/\"375-RSmQ0Wq2+7jL651I7xJbDOK2ftU\""
      }
    }
    responseTime: 4
[23:34:48.302] INFO (30154): request completed
    req: {
      "id": 36,
      "method": "GET",
      "url": "/treasury/payins?"
    }
    res: {
      "statusCode": 200,
      "headers": {
        "x-powered-by": "Express",
        "access-control-allow-origin": "http://localhost:3001",
        "vary": "Origin",
        "access-control-allow-credentials": "true",
        "content-type": "application/json; charset=utf-8",
        "content-length": "12933",
        "etag": "W/\"3285-c8dX1bzVa6O1j4jIxSiWMc61o1I\""
      }
    }
    responseTime: 2
[23:34:50.114] INFO (30154): Transitioning payin 0e34579c-52ce-42a7-98d9-951faa928fd4 from PENDING_COMPLIANCE to CLEARED via action clear
    req: {
      "id": 37,
      "method": "PATCH",
      "url": "/treasury/payins/0e34579c-52ce-42a7-98d9-951faa928fd4/status"
    }
    context: "PayinsService"
[23:34:50.118] INFO (30154): Handling payin status change: 0e34579c-52ce-42a7-98d9-951faa928fd4 PENDING_COMPLIANCE -> CLEARED
    req: {
      "id": 37,
      "method": "PATCH",
      "url": "/treasury/payins/0e34579c-52ce-42a7-98d9-951faa928fd4/status"
    }
    context: "DepositWorkflowService"
[23:34:50.119] INFO (30154): request completed
    req: {
      "id": 37,
      "method": "PATCH",
      "url": "/treasury/payins/0e34579c-52ce-42a7-98d9-951faa928fd4/status"
    }
    res: {
      "statusCode": 200,
      "headers": {
        "x-powered-by": "Express",
        "access-control-allow-origin": "http://localhost:3001",
        "vary": "Origin",
        "access-control-allow-credentials": "true",
        "content-type": "application/json; charset=utf-8",
        "content-length": "874",
        "etag": "W/\"36a-E0luiWw2p92G7WqukgMWxB+RXbA\""
      }
    }
    responseTime: 9
[23:34:50.123] INFO (30154): EVT_DEPOSIT_SUCCESS__CRYPTO: depositId=21554e37-1faa-4d0f-8489-71a246e9f7ca
    req: {
      "id": 37,
      "method": "PATCH",
      "url": "/treasury/payins/0e34579c-52ce-42a7-98d9-951faa928fd4/status"
    }
    context: "DepositWorkflowService"
[23:34:50.127] INFO (30154): Creating journal entry for deposit 21554e37-1faa-4d0f-8489-71a246e9f7ca event EVT_DEPOSIT_SUCCESS__CRYPTO using template TPL_EVT_DEPOSIT_SUCCESS__CRYPTO_V1
    req: {
      "id": 37,
      "method": "PATCH",
      "url": "/treasury/payins/0e34579c-52ce-42a7-98d9-951faa928fd4/status"
    }
    context: "JournalsService"
[23:34:50.148] INFO (30154): request completed
    req: {
      "id": 38,
      "method": "GET",
      "url": "/treasury/payins?"
    }
    res: {
      "statusCode": 200,
      "headers": {
        "x-powered-by": "Express",
        "access-control-allow-origin": "http://localhost:3001",
        "vary": "Origin",
        "access-control-allow-credentials": "true",
        "content-type": "application/json; charset=utf-8",
        "content-length": "12922",
        "etag": "W/\"327a-1LFPKO9MkK5/84M8kr3g+lH4iSw\""
      }
    }
    responseTime: 3
[23:34:51.913] INFO (30154): request completed
    req: {
      "id": 39,
      "method": "GET",
      "url": "/journals?skip=0&take=10&sortBy=createdAt&sortOrder=desc"
    }
    res: {
      "statusCode": 200,
      "headers": {
        "x-powered-by": "Express",
        "access-control-allow-origin": "http://localhost:3001",
        "vary": "Origin",
        "access-control-allow-credentials": "true",
        "content-type": "application/json; charset=utf-8",
        "content-length": "2207",
        "etag": "W/\"89f-SG6FS53neN0GRORCXULMCCU9LMw\""
      }
    }
    responseTime: 1
[23:34:51.915] INFO (30154): request completed
    req: {
      "id": 40,
      "method": "GET",
      "url": "/journals?skip=0&take=10&sortBy=createdAt&sortOrder=desc"
    }
    res: {
      "statusCode": 304,
      "headers": {
        "x-powered-by": "Express",
        "access-control-allow-origin": "http://localhost:3001",
        "vary": "Origin",
        "access-control-allow-credentials": "true",
        "etag": "W/\"89f-SG6FS53neN0GRORCXULMCCU9LMw\""
      }
    }
    responseTime: 1
[23:34:55.619] INFO (30154): request completed
    req: {
      "id": 41,
      "method": "GET",
      "url": "/journal-lines?skip=0&take=10&sortBy=createdAt&sortOrder=desc"
    }
    res: {
      "statusCode": 200,
      "headers": {
        "x-powered-by": "Express",
        "access-control-allow-origin": "http://localhost:3001",
        "vary": "Origin",
        "access-control-allow-credentials": "true",
        "content-type": "application/json; charset=utf-8",
        "content-length": "4399",
        "etag": "W/\"112f-o585nbSY14rasUW24VayJXs11pM\""
      }
    }
    responseTime: 3
[23:34:55.622] INFO (30154): request completed
    req: {
      "id": 42,
      "method": "GET",
      "url": "/journal-lines?skip=0&take=10&sortBy=createdAt&sortOrder=desc"
    }
    res: {
      "statusCode": 304,
      "headers": {
        "x-powered-by": "Express",
        "access-control-allow-origin": "http://localhost:3001",
        "vary": "Origin",
        "access-control-allow-credentials": "true",
        "etag": "W/\"112f-o585nbSY14rasUW24VayJXs11pM\""
      }
    }
    responseTime: 2
[23:35:37.062] INFO (30154): request completed
    req: {
      "id": 43,
      "method": "GET",
      "url": "/coa?skip=0&take=10&sortBy=code&sortOrder=asc"
    }
    res: {
      "statusCode": 200,
      "headers": {
        "x-powered-by": "Express",
        "access-control-allow-origin": "http://localhost:3001",
        "vary": "Origin",
        "access-control-allow-credentials": "true",
        "content-type": "application/json; charset=utf-8",
        "content-length": "2630",
        "etag": "W/\"a46-/Vfqikq4SYDtTAGZAGRihHi/3Y4\""
      }
    }
    responseTime: 2
[23:35:37.063] INFO (30154): request completed
    req: {
      "id": 44,
      "method": "GET",
      "url": "/coa?skip=0&take=10&sortBy=code&sortOrder=asc"
    }
    res: {
      "statusCode": 304,
      "headers": {
        "x-powered-by": "Express",
        "access-control-allow-origin": "http://localhost:3001",
        "vary": "Origin",
        "access-control-allow-credentials": "true",
        "etag": "W/\"a46-/Vfqikq4SYDtTAGZAGRihHi/3Y4\""
      }
    }
    responseTime: 1
[23:35:53.382] INFO (30154): request completed
    req: {
      "id": 45,
      "method": "GET",
      "url": "/coa?skip=10&take=10&sortBy=code&sortOrder=asc"
    }
    res: {
      "statusCode": 200,
      "headers": {
        "x-powered-by": "Express",
        "access-control-allow-origin": "http://localhost:3001",
        "vary": "Origin",
        "access-control-allow-credentials": "true",
        "content-type": "application/json; charset=utf-8",
        "content-length": "2590",
        "etag": "W/\"a1e-aUuglp+JGoJzL7mkPwjdj3C2Il0\""
      }
    }
    responseTime: 3
[23:35:56.027] INFO (30154): request completed
    req: {
      "id": 46,
      "method": "GET",
      "url": "/coa?skip=0&take=10&sortBy=code&sortOrder=asc"
    }
    res: {
      "statusCode": 304,
      "headers": {
        "x-powered-by": "Express",
        "access-control-allow-origin": "http://localhost:3001",
        "vary": "Origin",
        "access-control-allow-credentials": "true",
        "etag": "W/\"a46-/Vfqikq4SYDtTAGZAGRihHi/3Y4\""
      }
    }
    responseTime: 1
[23:37:37.846] INFO (30154): request completed
    req: {
      "id": 47,
      "method": "GET",
      "url": "/journal-lines?skip=0&take=10&sortBy=createdAt&sortOrder=desc"
    }
    res: {
      "statusCode": 304,
      "headers": {
        "x-powered-by": "Express",
        "access-control-allow-origin": "http://localhost:3001",
        "vary": "Origin",
        "access-control-allow-credentials": "true",
        "etag": "W/\"112f-o585nbSY14rasUW24VayJXs11pM\""
      }
    }
    responseTime: 5
[23:37:37.849] INFO (30154): request completed
    req: {
      "id": 48,
      "method": "GET",
      "url": "/journal-lines?skip=0&take=10&sortBy=createdAt&sortOrder=desc"
    }
    res: {
      "statusCode": 304,
      "headers": {
        "x-powered-by": "Express",
        "access-control-allow-origin": "http://localhost:3001",
        "vary": "Origin",
        "access-control-allow-credentials": "true",
        "etag": "W/\"112f-o585nbSY14rasUW24VayJXs11pM\""
      }
    }
    responseTime: 2
[23:37:43.155] INFO (30154): request completed
    req: {
      "id": 49,
      "method": "GET",
      "url": "/journal-header-templates?skip=0&take=10"
    }
    res: {
      "statusCode": 304,
      "headers": {
        "x-powered-by": "Express",
        "access-control-allow-origin": "http://localhost:3001",
        "vary": "Origin",
        "access-control-allow-credentials": "true",
        "etag": "W/\"126f-u2L5g0s+roWuLWk2BPwMEXbUyMk\""
      }
    }
    responseTime: 2
[23:37:43.157] INFO (30154): request completed
    req: {
      "id": 50,
      "method": "GET",
      "url": "/journal-header-templates?skip=0&take=10"
    }
    res: {
      "statusCode": 304,
      "headers": {
        "x-powered-by": "Express",
        "access-control-allow-origin": "http://localhost:3001",
        "vary": "Origin",
        "access-control-allow-credentials": "true",
        "etag": "W/\"126f-u2L5g0s+roWuLWk2BPwMEXbUyMk\""
      }
    }
    responseTime: 2
[23:37:47.663] INFO (30154): request completed
    req: {
      "id": 51,
      "method": "GET",
      "url": "/journal-line-templates?templateId=6bf9f553-f811-4f56-9b9e-2ccc2b9a657e"
    }
    res: {
      "statusCode": 304,
      "headers": {
        "x-powered-by": "Express",
        "access-control-allow-origin": "http://localhost:3001",
        "vary": "Origin",
        "access-control-allow-credentials": "true",
        "etag": "W/\"4b4-eo3oQEszBJYo4VJcU59doV0rCLk\""
      }
    }
    responseTime: 3
[23:37:47.664] INFO (30154): request completed
    req: {
      "id": 52,
      "method": "GET",
      "url": "/journal-line-templates?templateId=6bf9f553-f811-4f56-9b9e-2ccc2b9a657e"
    }
    res: {
      "statusCode": 304,
      "headers": {
        "x-powered-by": "Express",
        "access-control-allow-origin": "http://localhost:3001",
        "vary": "Origin",
        "access-control-allow-credentials": "true",
        "etag": "W/\"4b4-eo3oQEszBJYo4VJcU59doV0rCLk\""
      }
    }
    responseTime: 1
[23:37:51.248] INFO (30154): request completed
    req: {
      "id": 53,
      "method": "GET",
      "url": "/journal-header-templates?skip=0&take=10"
    }
    res: {
      "statusCode": 304,
      "headers": {
        "x-powered-by": "Express",
        "access-control-allow-origin": "http://localhost:3001",
        "vary": "Origin",
        "access-control-allow-credentials": "true",
        "etag": "W/\"126f-u2L5g0s+roWuLWk2BPwMEXbUyMk\""
      }
    }
    responseTime: 1
[23:37:51.250] INFO (30154): request completed
    req: {
      "id": 54,
      "method": "GET",
      "url": "/journal-header-templates?skip=0&take=10"
    }
    res: {
      "statusCode": 304,
      "headers": {
        "x-powered-by": "Express",
        "access-control-allow-origin": "http://localhost:3001",
        "vary": "Origin",
        "access-control-allow-credentials": "true",
        "etag": "W/\"126f-u2L5g0s+roWuLWk2BPwMEXbUyMk\""
      }
    }
    responseTime: 1
[23:38:15.415] INFO (30154): request completed
    req: {
      "id": 55,
      "method": "GET",
      "url": "/coa?skip=0&take=10&sortBy=code&sortOrder=asc"
    }
    res: {
      "statusCode": 200,
      "headers": {
        "x-powered-by": "Express",
        "access-control-allow-origin": "http://localhost:3001",
        "vary": "Origin",
        "access-control-allow-credentials": "true",
        "content-type": "application/json; charset=utf-8",
        "content-length": "2590",
        "etag": "W/\"a1e-X445aUKy6Q5vH3jDFjnJLLLTOhA\""
      }
    }
    responseTime: 3
[23:38:15.417] INFO (30154): request completed
    req: {
      "id": 56,
      "method": "GET",
      "url": "/coa?skip=0&take=10&sortBy=code&sortOrder=asc"
    }
    res: {
      "statusCode": 304,
      "headers": {
        "x-powered-by": "Express",
        "access-control-allow-origin": "http://localhost:3001",
        "vary": "Origin",
        "access-control-allow-credentials": "true",
        "etag": "W/\"a1e-X445aUKy6Q5vH3jDFjnJLLLTOhA\""
      }
    }
    responseTime: 1
[23:38:31.996] INFO (30154): request completed
    req: {
      "id": 57,
      "method": "GET",
      "url": "/coa?skip=10&take=10&sortBy=code&sortOrder=asc"
    }
    res: {
      "statusCode": 200,
      "headers": {
        "x-powered-by": "Express",
        "access-control-allow-origin": "http://localhost:3001",
        "vary": "Origin",
        "access-control-allow-credentials": "true",
        "content-type": "application/json; charset=utf-8",
        "content-length": "2579",
        "etag": "W/\"a13-mL6tyPj9gfKDVVEWP1qY87X6CRQ\""
      }
    }
    responseTime: 2
[23:38:48.800] INFO (30154): request completed
    req: {
      "id": 58,
      "method": "GET",
      "url": "/coa?skip=0&take=10&sortBy=code&sortOrder=asc"
    }
    res: {
      "statusCode": 304,
      "headers": {
        "x-powered-by": "Express",
        "access-control-allow-origin": "http://localhost:3001",
        "vary": "Origin",
        "access-control-allow-credentials": "true",
        "etag": "W/\"a1e-X445aUKy6Q5vH3jDFjnJLLLTOhA\""
      }
    }
    responseTime: 1
[23:38:54.054] INFO (30154): request completed
    req: {
      "id": 59,
      "method": "GET",
      "url": "/customers/552cd3d9-97cf-4636-9061-5015107bf68f"
    }
    res: {
      "statusCode": 304,
      "headers": {
        "x-powered-by": "Express",
        "access-control-allow-origin": "http://localhost:3002",
        "vary": "Origin",
        "access-control-allow-credentials": "true",
        "etag": "W/\"2ad-lLFNcs9903szi2nIiJbw4rHg7hk\""
      }
    }
    responseTime: 2
[23:38:54.055] INFO (30154): request completed
    req: {
      "id": 60,
      "method": "GET",
      "url": "/customers/552cd3d9-97cf-4636-9061-5015107bf68f"
    }
    res: {
      "statusCode": 304,
      "headers": {
        "x-powered-by": "Express",
        "access-control-allow-origin": "http://localhost:3002",
        "vary": "Origin",
        "access-control-allow-credentials": "true",
        "etag": "W/\"2ad-lLFNcs9903szi2nIiJbw4rHg7hk\""
      }
    }
    responseTime: 0
Client connected: Ig1vB0h2JxeTNUDFAAAC joined customer_552cd3d9-97cf-4636-9061-5015107bf68f
[23:38:54.070] INFO (30154): request completed
    req: {
      "id": 61,
      "method": "GET",
      "url": "/assets?status=ACTIVE"
    }
    res: {
      "statusCode": 304,
      "headers": {
        "x-powered-by": "Express",
        "access-control-allow-origin": "http://localhost:3002",
        "vary": "Origin",
        "access-control-allow-credentials": "true",
        "etag": "W/\"496-oS6bh6gwrQgVx2SpzizemqiaxRY\""
      }
    }
    responseTime: 1
[23:38:54.071] INFO (30154): request completed
    req: {
      "id": 62,
      "method": "GET",
      "url": "/assets?status=ACTIVE"
    }
    res: {
      "statusCode": 304,
      "headers": {
        "x-powered-by": "Express",
        "access-control-allow-origin": "http://localhost:3002",
        "vary": "Origin",
        "access-control-allow-credentials": "true",
        "etag": "W/\"496-oS6bh6gwrQgVx2SpzizemqiaxRY\""
      }
    }
    responseTime: 0
Client disconnected: Ig1vB0h2JxeTNUDFAAAC
[23:38:55.322] INFO (30154): request completed
    req: {
      "id": 63,
      "method": "GET",
      "url": "/customers/552cd3d9-97cf-4636-9061-5015107bf68f"
    }
    res: {
      "statusCode": 304,
      "headers": {
        "x-powered-by": "Express",
        "access-control-allow-origin": "http://localhost:3002",
        "vary": "Origin",
        "access-control-allow-credentials": "true",
        "etag": "W/\"2ad-lLFNcs9903szi2nIiJbw4rHg7hk\""
      }
    }
    responseTime: 2
[23:38:55.323] INFO (30154): request completed
    req: {
      "id": 64,
      "method": "GET",
      "url": "/customers/552cd3d9-97cf-4636-9061-5015107bf68f"
    }
    res: {
      "statusCode": 304,
      "headers": {
        "x-powered-by": "Express",
        "access-control-allow-origin": "http://localhost:3002",
        "vary": "Origin",
        "access-control-allow-credentials": "true",
        "etag": "W/\"2ad-lLFNcs9903szi2nIiJbw4rHg7hk\""
      }
    }
    responseTime: 1
Client connected: 0tzKTihAC8lkywxYAAAF joined customer_552cd3d9-97cf-4636-9061-5015107bf68f
[23:38:55.335] INFO (30154): request completed
    req: {
      "id": 65,
      "method": "GET",
      "url": "/assets?status=ACTIVE"
    }
    res: {
      "statusCode": 304,
      "headers": {
        "x-powered-by": "Express",
        "access-control-allow-origin": "http://localhost:3002",
        "vary": "Origin",
        "access-control-allow-credentials": "true",
        "etag": "W/\"496-oS6bh6gwrQgVx2SpzizemqiaxRY\""
      }
    }
    responseTime: 0
[23:38:55.336] INFO (30154): request completed
    req: {
      "id": 66,
      "method": "GET",
      "url": "/assets?status=ACTIVE"
    }
    res: {
      "statusCode": 304,
      "headers": {
        "x-powered-by": "Express",
        "access-control-allow-origin": "http://localhost:3002",
        "vary": "Origin",
        "access-control-allow-credentials": "true",
        "etag": "W/\"496-oS6bh6gwrQgVx2SpzizemqiaxRY\""
      }
    }
    responseTime: 1
Client disconnected: 0tzKTihAC8lkywxYAAAF
[23:40:04.831] INFO (30154): request completed
    req: {
      "id": 67,
      "method": "HEAD",
      "url": "/"
    }
    res: {
      "statusCode": 404,
      "headers": {
        "x-powered-by": "Express",
        "vary": "Origin",
        "access-control-allow-credentials": "true",
        "content-type": "application/json; charset=utf-8",
        "content-length": "64",
        "etag": "W/\"40-SZHlnYA2/uxlpXZnnnQIw28sWgQ\""
      }
    }
    responseTime: 1
[23:40:15.492] INFO (30154): request completed
    req: {
      "id": 68,
      "method": "GET",
      "url": "/coa?skip=0&take=10&sortBy=code&sortOrder=asc"
    }
    res: {
      "statusCode": 304,
      "headers": {
        "x-powered-by": "Express",
        "access-control-allow-origin": "http://localhost:3001",
        "vary": "Origin",
        "access-control-allow-credentials": "true",
        "etag": "W/\"a1e-X445aUKy6Q5vH3jDFjnJLLLTOhA\""
      }
    }
    responseTime: 2
[23:40:15.494] INFO (30154): request completed
    req: {
      "id": 69,
      "method": "GET",
      "url": "/coa?skip=0&take=10&sortBy=code&sortOrder=asc"
    }
    res: {
      "statusCode": 304,
      "headers": {
        "x-powered-by": "Express",
        "access-control-allow-origin": "http://localhost:3001",
        "vary": "Origin",
        "access-control-allow-credentials": "true",
        "etag": "W/\"a1e-X445aUKy6Q5vH3jDFjnJLLLTOhA\""
      }
    }
    responseTime: 1
[23:41:07.634] INFO (30154): request completed
    req: {
      "id": 70,
      "method": "GET",
      "url": "/journal-lines?skip=0&take=10&sortBy=createdAt&sortOrder=desc"
    }
    res: {
      "statusCode": 304,
      "headers": {
        "x-powered-by": "Express",
        "access-control-allow-origin": "http://localhost:3001",
        "vary": "Origin",
        "access-control-allow-credentials": "true",
        "etag": "W/\"112f-o585nbSY14rasUW24VayJXs11pM\""
      }
    }
    responseTime: 2
[23:41:07.636] INFO (30154): request completed
    req: {
      "id": 71,
      "method": "GET",
      "url": "/journal-lines?skip=0&take=10&sortBy=createdAt&sortOrder=desc"
    }
    res: {
      "statusCode": 304,
      "headers": {
        "x-powered-by": "Express",
        "access-control-allow-origin": "http://localhost:3001",
        "vary": "Origin",
        "access-control-allow-credentials": "true",
        "etag": "W/\"112f-o585nbSY14rasUW24VayJXs11pM\""
      }
    }
    responseTime: 1
[23:41:10.956] INFO (30154): request completed
    req: {
      "id": 72,
      "method": "GET",
      "url": "/journal-header-templates?skip=0&take=10"
    }
    res: {
      "statusCode": 304,
      "headers": {
        "x-powered-by": "Express",
        "access-control-allow-origin": "http://localhost:3001",
        "vary": "Origin",
        "access-control-allow-credentials": "true",
        "etag": "W/\"126f-u2L5g0s+roWuLWk2BPwMEXbUyMk\""
      }
    }
    responseTime: 2
[23:41:10.958] INFO (30154): request completed
    req: {
      "id": 73,
      "method": "GET",
      "url": "/journal-header-templates?skip=0&take=10"
    }
    res: {
      "statusCode": 304,
      "headers": {
        "x-powered-by": "Express",
        "access-control-allow-origin": "http://localhost:3001",
        "vary": "Origin",
        "access-control-allow-credentials": "true",
        "etag": "W/\"126f-u2L5g0s+roWuLWk2BPwMEXbUyMk\""
      }
    }
    responseTime: 2
[23:41:12.784] INFO (30154): request completed
    req: {
      "id": 74,
      "method": "GET",
      "url": "/journal-line-templates?templateId=6bf9f553-f811-4f56-9b9e-2ccc2b9a657e"
    }
    res: {
      "statusCode": 200,
      "headers": {
        "x-powered-by": "Express",
        "access-control-allow-origin": "http://localhost:3001",
        "vary": "Origin",
        "access-control-allow-credentials": "true",
        "content-type": "application/json; charset=utf-8",
        "content-length": "1346",
        "etag": "W/\"542-YnqLlxMA1hVgBE1oWP1O0JJcyUY\""
      }
    }
    responseTime: 1
[23:41:12.786] INFO (30154): request completed
    req: {
      "id": 75,
      "method": "GET",
      "url": "/journal-line-templates?templateId=6bf9f553-f811-4f56-9b9e-2ccc2b9a657e"
    }
    res: {
      "statusCode": 304,
      "headers": {
        "x-powered-by": "Express",
        "access-control-allow-origin": "http://localhost:3001",
        "vary": "Origin",
        "access-control-allow-credentials": "true",
        "etag": "W/\"542-YnqLlxMA1hVgBE1oWP1O0JJcyUY\""
      }
    }
    responseTime: 1
[23:41:14.876] INFO (30154): request completed
    req: {
      "id": 76,
      "method": "GET",
      "url": "/journal-header-templates?skip=0&take=10"
    }
    res: {
      "statusCode": 304,
      "headers": {
        "x-powered-by": "Express",
        "access-control-allow-origin": "http://localhost:3001",
        "vary": "Origin",
        "access-control-allow-credentials": "true",
        "etag": "W/\"126f-u2L5g0s+roWuLWk2BPwMEXbUyMk\""
      }
    }
    responseTime: 2
[23:41:14.878] INFO (30154): request completed
    req: {
      "id": 77,
      "method": "GET",
      "url": "/journal-header-templates?skip=0&take=10"
    }
    res: {
      "statusCode": 304,
      "headers": {
        "x-powered-by": "Express",
        "access-control-allow-origin": "http://localhost:3001",
        "vary": "Origin",
        "access-control-allow-credentials": "true",
        "etag": "W/\"126f-u2L5g0s+roWuLWk2BPwMEXbUyMk\""
      }
    }
    responseTime: 1
[23:41:15.939] INFO (30154): request completed
    req: {
      "id": 78,
      "method": "GET",
      "url": "/journal-line-templates?templateId=d3f149bb-9c8c-4f1f-a9ed-be699bf3eed7"
    }
    res: {
      "statusCode": 200,
      "headers": {
        "x-powered-by": "Express",
        "access-control-allow-origin": "http://localhost:3001",
        "vary": "Origin",
        "access-control-allow-credentials": "true",
        "content-type": "application/json; charset=utf-8",
        "content-length": "2647",
        "etag": "W/\"a57-MKOnJmtl6rfLWQzyeaMRX/8J6wM\""
      }
    }
    responseTime: 2
[23:41:15.942] INFO (30154): request completed
    req: {
      "id": 79,
      "method": "GET",
      "url": "/journal-line-templates?templateId=d3f149bb-9c8c-4f1f-a9ed-be699bf3eed7"
    }
    res: {
      "statusCode": 304,
      "headers": {
        "x-powered-by": "Express",
        "access-control-allow-origin": "http://localhost:3001",
        "vary": "Origin",
        "access-control-allow-credentials": "true",
        "etag": "W/\"a57-MKOnJmtl6rfLWQzyeaMRX/8J6wM\""
      }
    }
    responseTime: 2
[23:41:18.186] INFO (30154): request completed
    req: {
      "id": 80,
      "method": "GET",
      "url": "/journal-header-templates?skip=0&take=10"
    }
    res: {
      "statusCode": 304,
      "headers": {
        "x-powered-by": "Express",
        "access-control-allow-origin": "http://localhost:3001",
        "vary": "Origin",
        "access-control-allow-credentials": "true",
        "etag": "W/\"126f-u2L5g0s+roWuLWk2BPwMEXbUyMk\""
      }
    }
    responseTime: 1
[23:41:18.188] INFO (30154): request completed
    req: {
      "id": 81,
      "method": "GET",
      "url": "/journal-header-templates?skip=0&take=10"
    }
    res: {
      "statusCode": 304,
      "headers": {
        "x-powered-by": "Express",
        "access-control-allow-origin": "http://localhost:3001",
        "vary": "Origin",
        "access-control-allow-credentials": "true",
        "etag": "W/\"126f-u2L5g0s+roWuLWk2BPwMEXbUyMk\""
      }
    }
    responseTime: 1
[23:41:19.280] INFO (30154): request completed
    req: {
      "id": 82,
      "method": "GET",
      "url": "/journal-line-templates?templateId=531ed2da-5098-474a-9406-36c6ce33b099"
    }
    res: {
      "statusCode": 200,
      "headers": {
        "x-powered-by": "Express",
        "access-control-allow-origin": "http://localhost:3001",
        "vary": "Origin",
        "access-control-allow-credentials": "true",
        "content-type": "application/json; charset=utf-8",
        "content-length": "1358",
        "etag": "W/\"54e-Rvci21/j1bsGU+8xecZcth58r38\""
      }
    }
    responseTime: 1
[23:41:19.283] INFO (30154): request completed
    req: {
      "id": 83,
      "method": "GET",
      "url": "/journal-line-templates?templateId=531ed2da-5098-474a-9406-36c6ce33b099"
    }
    res: {
      "statusCode": 304,
      "headers": {
        "x-powered-by": "Express",
        "access-control-allow-origin": "http://localhost:3001",
        "vary": "Origin",
        "access-control-allow-credentials": "true",
        "etag": "W/\"54e-Rvci21/j1bsGU+8xecZcth58r38\""
      }
    }
    responseTime: 2
[23:41:20.637] INFO (30154): request completed
    req: {
      "id": 84,
      "method": "GET",
      "url": "/journal-header-templates?skip=0&take=10"
    }
    res: {
      "statusCode": 304,
      "headers": {
        "x-powered-by": "Express",
        "access-control-allow-origin": "http://localhost:3001",
        "vary": "Origin",
        "access-control-allow-credentials": "true",
        "etag": "W/\"126f-u2L5g0s+roWuLWk2BPwMEXbUyMk\""
      }
    }
    responseTime: 1
[23:41:20.640] INFO (30154): request completed
    req: {
      "id": 85,
      "method": "GET",
      "url": "/journal-header-templates?skip=0&take=10"
    }
    res: {
      "statusCode": 304,
      "headers": {
        "x-powered-by": "Express",
        "access-control-allow-origin": "http://localhost:3001",
        "vary": "Origin",
        "access-control-allow-credentials": "true",
        "etag": "W/\"126f-u2L5g0s+roWuLWk2BPwMEXbUyMk\""
      }
    }
    responseTime: 2
[23:41:22.309] INFO (30154): request completed
    req: {
      "id": 86,
      "method": "GET",
      "url": "/journal-lines?skip=0&take=10&sortBy=createdAt&sortOrder=desc"
    }
    res: {
      "statusCode": 304,
      "headers": {
        "x-powered-by": "Express",
        "access-control-allow-origin": "http://localhost:3001",
        "vary": "Origin",
        "access-control-allow-credentials": "true",
        "etag": "W/\"112f-o585nbSY14rasUW24VayJXs11pM\""
      }
    }
    responseTime: 3
[23:41:22.311] INFO (30154): request completed
    req: {
      "id": 87,
      "method": "GET",
      "url": "/journal-lines?skip=0&take=10&sortBy=createdAt&sortOrder=desc"
    }
    res: {
      "statusCode": 304,
      "headers": {
        "x-powered-by": "Express",
        "access-control-allow-origin": "http://localhost:3001",
        "vary": "Origin",
        "access-control-allow-credentials": "true",
        "etag": "W/\"112f-o585nbSY14rasUW24VayJXs11pM\""
      }
    }
    responseTime: 2
[23:43:39.067] INFO (30154): request completed
    req: {
      "id": 88,
      "method": "GET",
      "url": "/journals?skip=0&take=10&sortBy=createdAt&sortOrder=desc"
    }
    res: {
      "statusCode": 304,
      "headers": {
        "x-powered-by": "Express",
        "access-control-allow-origin": "http://localhost:3001",
        "vary": "Origin",
        "access-control-allow-credentials": "true",
        "etag": "W/\"89f-SG6FS53neN0GRORCXULMCCU9LMw\""
      }
    }
    responseTime: 2
[23:43:39.069] INFO (30154): request completed
    req: {
      "id": 89,
      "method": "GET",
      "url": "/journals?skip=0&take=10&sortBy=createdAt&sortOrder=desc"
    }
    res: {
      "statusCode": 304,
      "headers": {
        "x-powered-by": "Express",
        "access-control-allow-origin": "http://localhost:3001",
        "vary": "Origin",
        "access-control-allow-credentials": "true",
        "etag": "W/\"89f-SG6FS53neN0GRORCXULMCCU9LMw\""
      }
    }
    responseTime: 1
[23:43:40.230] INFO (30154): request completed
    req: {
      "id": 90,
      "method": "GET",
      "url": "/journal-lines?skip=0&take=10&sortBy=createdAt&sortOrder=desc"
    }
    res: {
      "statusCode": 304,
      "headers": {
        "x-powered-by": "Express",
        "access-control-allow-origin": "http://localhost:3001",
        "vary": "Origin",
        "access-control-allow-credentials": "true",
        "etag": "W/\"112f-o585nbSY14rasUW24VayJXs11pM\""
      }
    }
    responseTime: 2
[23:43:40.232] INFO (30154): request completed
    req: {
      "id": 91,
      "method": "GET",
      "url": "/journal-lines?skip=0&take=10&sortBy=createdAt&sortOrder=desc"
    }
    res: {
      "statusCode": 304,
      "headers": {
        "x-powered-by": "Express",
        "access-control-allow-origin": "http://localhost:3001",
        "vary": "Origin",
        "access-control-allow-credentials": "true",
        "etag": "W/\"112f-o585nbSY14rasUW24VayJXs11pM\""
      }
    }
    responseTime: 2
[23:43:42.391] INFO (30154): request completed
    req: {
      "id": 92,
      "method": "GET",
      "url": "/journal-header-templates?skip=0&take=10"
    }
    res: {
      "statusCode": 304,
      "headers": {
        "x-powered-by": "Express",
        "access-control-allow-origin": "http://localhost:3001",
        "vary": "Origin",
        "access-control-allow-credentials": "true",
        "etag": "W/\"126f-u2L5g0s+roWuLWk2BPwMEXbUyMk\""
      }
    }
    responseTime: 2
[23:43:42.393] INFO (30154): request completed
    req: {
      "id": 93,
      "method": "GET",
      "url": "/journal-header-templates?skip=0&take=10"
    }
    res: {
      "statusCode": 304,
      "headers": {
        "x-powered-by": "Express",
        "access-control-allow-origin": "http://localhost:3001",
        "vary": "Origin",
        "access-control-allow-credentials": "true",
        "etag": "W/\"126f-u2L5g0s+roWuLWk2BPwMEXbUyMk\""
      }
    }
    responseTime: 1
[23:43:49.685] INFO (30154): request completed
    req: {
      "id": 94,
      "method": "GET",
      "url": "/journal-line-templates?templateId=6bf9f553-f811-4f56-9b9e-2ccc2b9a657e"
    }
    res: {
      "statusCode": 304,
      "headers": {
        "x-powered-by": "Express",
        "access-control-allow-origin": "http://localhost:3001",
        "vary": "Origin",
        "access-control-allow-credentials": "true",
        "etag": "W/\"542-YnqLlxMA1hVgBE1oWP1O0JJcyUY\""
      }
    }
    responseTime: 2
[23:43:49.687] INFO (30154): request completed
    req: {
      "id": 95,
      "method": "GET",
      "url": "/journal-line-templates?templateId=6bf9f553-f811-4f56-9b9e-2ccc2b9a657e"
    }
    res: {
      "statusCode": 304,
      "headers": {
        "x-powered-by": "Express",
        "access-control-allow-origin": "http://localhost:3001",
        "vary": "Origin",
        "access-control-allow-credentials": "true",
        "etag": "W/\"542-YnqLlxMA1hVgBE1oWP1O0JJcyUY\""
      }
    }
    responseTime: 1
[23:45:02.536] INFO (30154): request completed
    req: {
      "id": 96,
      "method": "GET",
      "url": "/journal-lines?skip=0&take=10&sortBy=createdAt&sortOrder=desc"
    }
    res: {
      "statusCode": 304,
      "headers": {
        "x-powered-by": "Express",
        "access-control-allow-origin": "http://localhost:3001",
        "vary": "Origin",
        "access-control-allow-credentials": "true",
        "etag": "W/\"112f-o585nbSY14rasUW24VayJXs11pM\""
      }
    }
    responseTime: 4
[23:45:02.538] INFO (30154): request completed
    req: {
      "id": 97,
      "method": "GET",
      "url": "/journal-lines?skip=0&take=10&sortBy=createdAt&sortOrder=desc"
    }
    res: {
      "statusCode": 304,
      "headers": {
        "x-powered-by": "Express",
        "access-control-allow-origin": "http://localhost:3001",
        "vary": "Origin",
        "access-control-allow-credentials": "true",
        "etag": "W/\"112f-o585nbSY14rasUW24VayJXs11pM\""
      }
    }
    responseTime: 1
[23:45:03.531] INFO (30154): request completed
    req: {
      "id": 98,
      "method": "GET",
      "url": "/journals?skip=0&take=10&sortBy=createdAt&sortOrder=desc"
    }
    res: {
      "statusCode": 304,
      "headers": {
        "x-powered-by": "Express",
        "access-control-allow-origin": "http://localhost:3001",
        "vary": "Origin",
        "access-control-allow-credentials": "true",
        "etag": "W/\"89f-SG6FS53neN0GRORCXULMCCU9LMw\""
      }
    }
    responseTime: 1
[23:45:03.533] INFO (30154): request completed
    req: {
      "id": 99,
      "method": "GET",
      "url": "/journals?skip=0&take=10&sortBy=createdAt&sortOrder=desc"
    }
    res: {
      "statusCode": 304,
      "headers": {
        "x-powered-by": "Express",
        "access-control-allow-origin": "http://localhost:3001",
        "vary": "Origin",
        "access-control-allow-credentials": "true",
        "etag": "W/\"89f-SG6FS53neN0GRORCXULMCCU9LMw\""
      }
    }
    responseTime: 1
[23:45:04.229] INFO (30154): request completed
    req: {
      "id": 100,
      "method": "GET",
      "url": "/journal-lines?skip=0&take=10&sortBy=createdAt&sortOrder=desc"
    }
    res: {
      "statusCode": 304,
      "headers": {
        "x-powered-by": "Express",
        "access-control-allow-origin": "http://localhost:3001",
        "vary": "Origin",
        "access-control-allow-credentials": "true",
        "etag": "W/\"112f-o585nbSY14rasUW24VayJXs11pM\""
      }
    }
    responseTime: 2
[23:45:04.231] INFO (30154): request completed
    req: {
      "id": 101,
      "method": "GET",
      "url": "/journal-lines?skip=0&take=10&sortBy=createdAt&sortOrder=desc"
    }
    res: {
      "statusCode": 304,
      "headers": {
        "x-powered-by": "Express",
        "access-control-allow-origin": "http://localhost:3001",
        "vary": "Origin",
        "access-control-allow-credentials": "true",
        "etag": "W/\"112f-o585nbSY14rasUW24VayJXs11pM\""
      }
    }
    responseTime: 1
[23:45:07.556] INFO (30154): request completed
    req: {
      "id": 102,
      "method": "GET",
      "url": "/journals?skip=0&take=10&sortBy=createdAt&sortOrder=desc"
    }
    res: {
      "statusCode": 304,
      "headers": {
        "x-powered-by": "Express",
        "access-control-allow-origin": "http://localhost:3001",
        "vary": "Origin",
        "access-control-allow-credentials": "true",
        "etag": "W/\"89f-SG6FS53neN0GRORCXULMCCU9LMw\""
      }
    }
    responseTime: 1
[23:45:07.558] INFO (30154): request completed
    req: {
      "id": 103,
      "method": "GET",
      "url": "/journals?skip=0&take=10&sortBy=createdAt&sortOrder=desc"
    }
    res: {
      "statusCode": 304,
      "headers": {
        "x-powered-by": "Express",
        "access-control-allow-origin": "http://localhost:3001",
        "vary": "Origin",
        "access-control-allow-credentials": "true",
        "etag": "W/\"89f-SG6FS53neN0GRORCXULMCCU9LMw\""
      }
    }
    responseTime: 1
[23:45:09.050] INFO (30154): request completed
    req: {
      "id": 104,
      "method": "GET",
      "url": "/journal-lines?skip=0&take=10&sortBy=createdAt&sortOrder=desc"
    }
    res: {
      "statusCode": 304,
      "headers": {
        "x-powered-by": "Express",
        "access-control-allow-origin": "http://localhost:3001",
        "vary": "Origin",
        "access-control-allow-credentials": "true",
        "etag": "W/\"112f-o585nbSY14rasUW24VayJXs11pM\""
      }
    }
    responseTime: 1
[23:45:09.052] INFO (30154): request completed
    req: {
      "id": 105,
      "method": "GET",
      "url": "/journal-lines?skip=0&take=10&sortBy=createdAt&sortOrder=desc"
    }
    res: {
      "statusCode": 304,
      "headers": {
        "x-powered-by": "Express",
        "access-control-allow-origin": "http://localhost:3001",
        "vary": "Origin",
        "access-control-allow-credentials": "true",
        "etag": "W/\"112f-o585nbSY14rasUW24VayJXs11pM\""
      }
    }
    responseTime: 1
[23:45:10.936] INFO (30154): request completed
    req: {
      "id": 106,
      "method": "GET",
      "url": "/journal-header-templates?skip=0&take=10"
    }
    res: {
      "statusCode": 304,
      "headers": {
        "x-powered-by": "Express",
        "access-control-allow-origin": "http://localhost:3001",
        "vary": "Origin",
        "access-control-allow-credentials": "true",
        "etag": "W/\"126f-u2L5g0s+roWuLWk2BPwMEXbUyMk\""
      }
    }
    responseTime: 2
[23:45:10.938] INFO (30154): request completed
    req: {
      "id": 107,
      "method": "GET",
      "url": "/journal-header-templates?skip=0&take=10"
    }
    res: {
      "statusCode": 304,
      "headers": {
        "x-powered-by": "Express",
        "access-control-allow-origin": "http://localhost:3001",
        "vary": "Origin",
        "access-control-allow-credentials": "true",
        "etag": "W/\"126f-u2L5g0s+roWuLWk2BPwMEXbUyMk\""
      }
    }
    responseTime: 1
[23:45:13.204] INFO (30154): request completed
    req: {
      "id": 108,
      "method": "GET",
      "url": "/journal-line-templates?templateId=6bf9f553-f811-4f56-9b9e-2ccc2b9a657e"
    }
    res: {
      "statusCode": 304,
      "headers": {
        "x-powered-by": "Express",
        "access-control-allow-origin": "http://localhost:3001",
        "vary": "Origin",
        "access-control-allow-credentials": "true",
        "etag": "W/\"542-YnqLlxMA1hVgBE1oWP1O0JJcyUY\""
      }
    }
    responseTime: 2
[23:45:13.205] INFO (30154): request completed
    req: {
      "id": 109,
      "method": "GET",
      "url": "/journal-line-templates?templateId=6bf9f553-f811-4f56-9b9e-2ccc2b9a657e"
    }
    res: {
      "statusCode": 304,
      "headers": {
        "x-powered-by": "Express",
        "access-control-allow-origin": "http://localhost:3001",
        "vary": "Origin",
        "access-control-allow-credentials": "true",
        "etag": "W/\"542-YnqLlxMA1hVgBE1oWP1O0JJcyUY\""
      }
    }
    responseTime: 1
[23:45:19.262] INFO (30154): request completed
    req: {
      "id": 110,
      "method": "GET",
      "url": "/coa?skip=0&take=10&sortBy=code&sortOrder=asc"
    }
    res: {
      "statusCode": 304,
      "headers": {
        "x-powered-by": "Express",
        "access-control-allow-origin": "http://localhost:3001",
        "vary": "Origin",
        "access-control-allow-credentials": "true",
        "etag": "W/\"a1e-X445aUKy6Q5vH3jDFjnJLLLTOhA\""
      }
    }
    responseTime: 1
[23:45:19.263] INFO (30154): request completed
    req: {
      "id": 111,
      "method": "GET",
      "url": "/coa?skip=0&take=10&sortBy=code&sortOrder=asc"
    }
    res: {
      "statusCode": 304,
      "headers": {
        "x-powered-by": "Express",
        "access-control-allow-origin": "http://localhost:3001",
        "vary": "Origin",
        "access-control-allow-credentials": "true",
        "etag": "W/\"a1e-X445aUKy6Q5vH3jDFjnJLLLTOhA\""
      }
    }
    responseTime: 1
[23:45:58.605] INFO (30154): request completed
    req: {
      "id": 112,
      "method": "GET",
      "url": "/journal-header-templates?skip=0&take=10"
    }
    res: {
      "statusCode": 304,
      "headers": {
        "x-powered-by": "Express",
        "access-control-allow-origin": "http://localhost:3001",
        "vary": "Origin",
        "access-control-allow-credentials": "true",
        "etag": "W/\"126f-u2L5g0s+roWuLWk2BPwMEXbUyMk\""
      }
    }
    responseTime: 2
[23:45:58.608] INFO (30154): request completed
    req: {
      "id": 113,
      "method": "GET",
      "url": "/journal-header-templates?skip=0&take=10"
    }
    res: {
      "statusCode": 304,
      "headers": {
        "x-powered-by": "Express",
        "access-control-allow-origin": "http://localhost:3001",
        "vary": "Origin",
        "access-control-allow-credentials": "true",
        "etag": "W/\"126f-u2L5g0s+roWuLWk2BPwMEXbUyMk\""
      }
    }
    responseTime: 2
[2J[3J[H[[90m23:46:01[0m] File change detected. Starting incremental compilation...

[[90m23:46:01[0m] Found 0 errors. Watching for file changes.

CustomersService initialized with NotificationsGateway
[23:46:03.495] INFO (34200): Starting Nest application...
    context: "NestFactory"
[23:46:03.496] INFO (34200): AppModule dependencies initialized
    context: "InstanceLoader"
[23:46:03.496] INFO (34200): PrismaModule dependencies initialized
    context: "InstanceLoader"
[23:46:03.496] INFO (34200): PassportModule dependencies initialized
    context: "InstanceLoader"
[23:46:03.496] INFO (34200): NotificationsModule dependencies initialized
    context: "InstanceLoader"
[23:46:03.496] INFO (34200): ConfigHostModule dependencies initialized
    context: "InstanceLoader"
[23:46:03.496] INFO (34200): JwtModule dependencies initialized
    context: "InstanceLoader"
[23:46:03.496] INFO (34200): DiscoveryModule dependencies initialized
    context: "InstanceLoader"
[23:46:03.496] INFO (34200): ConfigModule dependencies initialized
    context: "InstanceLoader"
[23:46:03.496] INFO (34200): EventEmitterModule dependencies initialized
    context: "InstanceLoader"
[23:46:03.496] INFO (34200): WorkflowsModule dependencies initialized
    context: "InstanceLoader"
[23:46:03.496] INFO (34200): LoggerModule dependencies initialized
    context: "InstanceLoader"
[23:46:03.496] INFO (34200): CoaModule dependencies initialized
    context: "InstanceLoader"
[23:46:03.496] INFO (34200): JournalsModule dependencies initialized
    context: "InstanceLoader"
[23:46:03.496] INFO (34200): JournalLinesModule dependencies initialized
    context: "InstanceLoader"
[23:46:03.496] INFO (34200): AcctEventsModule dependencies initialized
    context: "InstanceLoader"
[23:46:03.496] INFO (34200): JournalHeaderTemplatesModule dependencies initialized
    context: "InstanceLoader"
[23:46:03.496] INFO (34200): JournalLineTemplatesModule dependencies initialized
    context: "InstanceLoader"
[23:46:03.496] INFO (34200): AuthModule dependencies initialized
    context: "InstanceLoader"
[23:46:03.496] INFO (34200): UsersModule dependencies initialized
    context: "InstanceLoader"
[23:46:03.496] INFO (34200): LiquidityProvidersModule dependencies initialized
    context: "InstanceLoader"
[23:46:03.496] INFO (34200): AssetsModule dependencies initialized
    context: "InstanceLoader"
[23:46:03.496] INFO (34200): LiquidityConfigModule dependencies initialized
    context: "InstanceLoader"
[23:46:03.496] INFO (34200): WalletsModule dependencies initialized
    context: "InstanceLoader"
[23:46:03.496] INFO (34200): CustomersModule dependencies initialized
    context: "InstanceLoader"
[23:46:03.496] INFO (34200): PayinsModule dependencies initialized
    context: "InstanceLoader"
[23:46:03.496] INFO (34200): DepositTransactionsModule dependencies initialized
    context: "InstanceLoader"
[23:46:03.496] INFO (34200): UsersController {/users}:
    context: "RoutesResolver"
[23:46:03.496] INFO (34200): Mapped {/users, GET} route
    context: "RouterExplorer"
[23:46:03.496] INFO (34200): CustomerAuthController {/auth/customer}:
    context: "RoutesResolver"
[23:46:03.496] INFO (34200): Mapped {/auth/customer/register, POST} route
    context: "RouterExplorer"
[23:46:03.496] INFO (34200): Mapped {/auth/customer/login, POST} route
    context: "RouterExplorer"
[23:46:03.496] INFO (34200): AuthController {/auth}:
    context: "RoutesResolver"
[23:46:03.496] INFO (34200): Mapped {/auth/login, POST} route
    context: "RouterExplorer"
[23:46:03.496] INFO (34200): CustomersController {/customers}:
    context: "RoutesResolver"
[23:46:03.496] INFO (34200): Mapped {/customers, POST} route
    context: "RouterExplorer"
[23:46:03.496] INFO (34200): Mapped {/customers, GET} route
    context: "RouterExplorer"
[23:46:03.496] INFO (34200): Mapped {/customers/:id, GET} route
    context: "RouterExplorer"
[23:46:03.496] INFO (34200): Mapped {/customers/:id, PATCH} route
    context: "RouterExplorer"
[23:46:03.496] INFO (34200): Mapped {/customers/:id/status, POST} route
    context: "RouterExplorer"
[23:46:03.496] INFO (34200): Mapped {/customers/:id, DELETE} route
    context: "RouterExplorer"
[23:46:03.496] INFO (34200): LiquidityProvidersController {/liquidity-providers}:
    context: "RoutesResolver"
[23:46:03.496] INFO (34200): Mapped {/liquidity-providers, POST} route
    context: "RouterExplorer"
[23:46:03.496] INFO (34200): Mapped {/liquidity-providers, GET} route
    context: "RouterExplorer"
[23:46:03.496] INFO (34200): Mapped {/liquidity-providers/:id, GET} route
    context: "RouterExplorer"
[23:46:03.496] INFO (34200): Mapped {/liquidity-providers/:id/status, PATCH} route
    context: "RouterExplorer"
[23:46:03.496] INFO (34200): AssetsController {/assets}:
    context: "RoutesResolver"
[23:46:03.496] INFO (34200): Mapped {/assets, POST} route
    context: "RouterExplorer"
[23:46:03.496] INFO (34200): Mapped {/assets, GET} route
    context: "RouterExplorer"
[23:46:03.496] INFO (34200): Mapped {/assets/:id, GET} route
    context: "RouterExplorer"
[23:46:03.496] INFO (34200): Mapped {/assets/:id/status, PATCH} route
    context: "RouterExplorer"
[23:46:03.496] INFO (34200): LiquidityConfigController {/liquidity-configurations}:
    context: "RoutesResolver"
[23:46:03.496] INFO (34200): Mapped {/liquidity-configurations, POST} route
    context: "RouterExplorer"
[23:46:03.496] INFO (34200): Mapped {/liquidity-configurations, GET} route
    context: "RouterExplorer"
[23:46:03.496] INFO (34200): Mapped {/liquidity-configurations/available, GET} route
    context: "RouterExplorer"
[23:46:03.496] INFO (34200): Mapped {/liquidity-configurations/lp/:lpId, GET} route
    context: "RouterExplorer"
[23:46:03.496] INFO (34200): Mapped {/liquidity-configurations/:id, GET} route
    context: "RouterExplorer"
[23:46:03.496] INFO (34200): Mapped {/liquidity-configurations/:id, PUT} route
    context: "RouterExplorer"
[23:46:03.496] INFO (34200): Mapped {/liquidity-configurations/:id, DELETE} route
    context: "RouterExplorer"
[23:46:03.496] INFO (34200): Mapped {/liquidity-configurations/:id/status, PATCH} route
    context: "RouterExplorer"
[23:46:03.496] INFO (34200): WalletsController {/wallets}:
    context: "RoutesResolver"
[23:46:03.496] INFO (34200): Mapped {/wallets, POST} route
    context: "RouterExplorer"
[23:46:03.496] INFO (34200): Mapped {/wallets, GET} route
    context: "RouterExplorer"
[23:46:03.496] INFO (34200): Mapped {/wallets/:id, GET} route
    context: "RouterExplorer"
[23:46:03.496] INFO (34200): Mapped {/wallets/:id/status, PATCH} route
    context: "RouterExplorer"
[23:46:03.496] INFO (34200): PayinsController {/treasury/payins}:
    context: "RoutesResolver"
[23:46:03.496] INFO (34200): Mapped {/treasury/payins/simulate, POST} route
    context: "RouterExplorer"
[23:46:03.496] INFO (34200): Mapped {/treasury/payins, GET} route
    context: "RouterExplorer"
[23:46:03.496] INFO (34200): Mapped {/treasury/payins/:id, GET} route
    context: "RouterExplorer"
[23:46:03.496] INFO (34200): Mapped {/treasury/payins/:id/status, PATCH} route
    context: "RouterExplorer"
[23:46:03.496] INFO (34200): DepositTransactionsController {/deposit-transactions}:
    context: "RoutesResolver"
[23:46:03.496] INFO (34200): Mapped {/deposit-transactions, GET} route
    context: "RouterExplorer"
[23:46:03.496] INFO (34200): Mapped {/deposit-transactions/:id, GET} route
    context: "RouterExplorer"
[23:46:03.496] INFO (34200): Mapped {/deposit-transactions, POST} route
    context: "RouterExplorer"
[23:46:03.496] INFO (34200): Mapped {/deposit-transactions/:id/status, PATCH} route
    context: "RouterExplorer"
[23:46:03.496] INFO (34200): Mapped {/deposit-transactions/export, GET} route
    context: "RouterExplorer"
[23:46:03.496] INFO (34200): CoaController {/coa}:
    context: "RoutesResolver"
[23:46:03.496] INFO (34200): Mapped {/coa, POST} route
    context: "RouterExplorer"
[23:46:03.496] INFO (34200): Mapped {/coa, GET} route
    context: "RouterExplorer"
[23:46:03.496] INFO (34200): Mapped {/coa/:id, GET} route
    context: "RouterExplorer"
[23:46:03.496] INFO (34200): Mapped {/coa/:id, PATCH} route
    context: "RouterExplorer"
[23:46:03.496] INFO (34200): Mapped {/coa/:id, DELETE} route
    context: "RouterExplorer"
[23:46:03.496] INFO (34200): JournalsController {/journals}:
    context: "RoutesResolver"
[23:46:03.496] INFO (34200): Mapped {/journals, GET} route
    context: "RouterExplorer"
[23:46:03.496] INFO (34200): Mapped {/journals/:id, GET} route
    context: "RouterExplorer"
[23:46:03.496] INFO (34200): JournalLinesController {/journal-lines}:
    context: "RoutesResolver"
[23:46:03.496] INFO (34200): Mapped {/journal-lines, GET} route
    context: "RouterExplorer"
[23:46:03.496] INFO (34200): Mapped {/journal-lines/:id, GET} route
    context: "RouterExplorer"
[23:46:03.496] INFO (34200): AcctEventsController {/acct-events}:
    context: "RoutesResolver"
[23:46:03.496] INFO (34200): Mapped {/acct-events, POST} route
    context: "RouterExplorer"
[23:46:03.496] INFO (34200): Mapped {/acct-events, GET} route
    context: "RouterExplorer"
[23:46:03.496] INFO (34200): Mapped {/acct-events/:eventCode, GET} route
    context: "RouterExplorer"
[23:46:03.496] INFO (34200): Mapped {/acct-events/:eventCode, PATCH} route
    context: "RouterExplorer"
[23:46:03.496] INFO (34200): Mapped {/acct-events/:eventCode, DELETE} route
    context: "RouterExplorer"
[23:46:03.496] INFO (34200): JournalHeaderTemplatesController {/journal-header-templates}:
    context: "RoutesResolver"
[23:46:03.496] INFO (34200): Mapped {/journal-header-templates, POST} route
    context: "RouterExplorer"
[23:46:03.496] INFO (34200): Mapped {/journal-header-templates, GET} route
    context: "RouterExplorer"
[23:46:03.496] INFO (34200): Mapped {/journal-header-templates/:id, GET} route
    context: "RouterExplorer"
[23:46:03.496] INFO (34200): Mapped {/journal-header-templates/:id, PATCH} route
    context: "RouterExplorer"
[23:46:03.496] INFO (34200): Mapped {/journal-header-templates/:id, DELETE} route
    context: "RouterExplorer"
[23:46:03.496] INFO (34200): JournalLineTemplatesController {/journal-line-templates}:
    context: "RoutesResolver"
[23:46:03.496] INFO (34200): Mapped {/journal-line-templates, POST} route
    context: "RouterExplorer"
[23:46:03.496] INFO (34200): Mapped {/journal-line-templates, GET} route
    context: "RouterExplorer"
[23:46:03.496] INFO (34200): Mapped {/journal-line-templates/:id, GET} route
    context: "RouterExplorer"
[23:46:03.496] INFO (34200): Mapped {/journal-line-templates/:id, PATCH} route
    context: "RouterExplorer"
[23:46:03.496] INFO (34200): Mapped {/journal-line-templates/:id, DELETE} route
    context: "RouterExplorer"
[23:46:03.496] INFO (34200): DepositWorkflowService initialized and listening for events.
    context: "DepositWorkflowService"
[23:46:03.496] INFO (34200): Nest application successfully started
    context: "NestApplication"
[23:46:03.496] INFO (34200): Application running on port 3000
[2J[3J[H[[90m23:46:03[0m] File change detected. Starting incremental compilation...

[[90m23:46:03[0m] Found 0 errors. Watching for file changes.

CustomersService initialized with NotificationsGateway
[23:46:04.201] INFO (34299): Starting Nest application...
    context: "NestFactory"
[23:46:04.201] INFO (34299): AppModule dependencies initialized
    context: "InstanceLoader"
[23:46:04.201] INFO (34299): PrismaModule dependencies initialized
    context: "InstanceLoader"
[23:46:04.201] INFO (34299): PassportModule dependencies initialized
    context: "InstanceLoader"
[23:46:04.201] INFO (34299): NotificationsModule dependencies initialized
    context: "InstanceLoader"
[23:46:04.201] INFO (34299): ConfigHostModule dependencies initialized
    context: "InstanceLoader"
[23:46:04.201] INFO (34299): JwtModule dependencies initialized
    context: "InstanceLoader"
[23:46:04.201] INFO (34299): DiscoveryModule dependencies initialized
    context: "InstanceLoader"
[23:46:04.201] INFO (34299): ConfigModule dependencies initialized
    context: "InstanceLoader"
[23:46:04.201] INFO (34299): EventEmitterModule dependencies initialized
    context: "InstanceLoader"
[23:46:04.202] INFO (34299): WorkflowsModule dependencies initialized
    context: "InstanceLoader"
[23:46:04.202] INFO (34299): LoggerModule dependencies initialized
    context: "InstanceLoader"
[23:46:04.202] INFO (34299): CoaModule dependencies initialized
    context: "InstanceLoader"
[23:46:04.202] INFO (34299): JournalsModule dependencies initialized
    context: "InstanceLoader"
[23:46:04.202] INFO (34299): JournalLinesModule dependencies initialized
    context: "InstanceLoader"
[23:46:04.202] INFO (34299): AcctEventsModule dependencies initialized
    context: "InstanceLoader"
[23:46:04.202] INFO (34299): JournalHeaderTemplatesModule dependencies initialized
    context: "InstanceLoader"
[23:46:04.202] INFO (34299): JournalLineTemplatesModule dependencies initialized
    context: "InstanceLoader"
[23:46:04.202] INFO (34299): AuthModule dependencies initialized
    context: "InstanceLoader"
[23:46:04.202] INFO (34299): UsersModule dependencies initialized
    context: "InstanceLoader"
[23:46:04.202] INFO (34299): LiquidityProvidersModule dependencies initialized
    context: "InstanceLoader"
[23:46:04.202] INFO (34299): AssetsModule dependencies initialized
    context: "InstanceLoader"
[23:46:04.202] INFO (34299): LiquidityConfigModule dependencies initialized
    context: "InstanceLoader"
[23:46:04.202] INFO (34299): WalletsModule dependencies initialized
    context: "InstanceLoader"
[23:46:04.202] INFO (34299): CustomersModule dependencies initialized
    context: "InstanceLoader"
[23:46:04.202] INFO (34299): PayinsModule dependencies initialized
    context: "InstanceLoader"
[23:46:04.202] INFO (34299): DepositTransactionsModule dependencies initialized
    context: "InstanceLoader"
[23:46:04.202] INFO (34299): UsersController {/users}:
    context: "RoutesResolver"
[23:46:04.202] INFO (34299): Mapped {/users, GET} route
    context: "RouterExplorer"
[23:46:04.202] INFO (34299): CustomerAuthController {/auth/customer}:
    context: "RoutesResolver"
[23:46:04.202] INFO (34299): Mapped {/auth/customer/register, POST} route
    context: "RouterExplorer"
[23:46:04.202] INFO (34299): Mapped {/auth/customer/login, POST} route
    context: "RouterExplorer"
[23:46:04.202] INFO (34299): AuthController {/auth}:
    context: "RoutesResolver"
[23:46:04.202] INFO (34299): Mapped {/auth/login, POST} route
    context: "RouterExplorer"
[23:46:04.202] INFO (34299): CustomersController {/customers}:
    context: "RoutesResolver"
[23:46:04.202] INFO (34299): Mapped {/customers, POST} route
    context: "RouterExplorer"
[23:46:04.202] INFO (34299): Mapped {/customers, GET} route
    context: "RouterExplorer"
[23:46:04.202] INFO (34299): Mapped {/customers/:id, GET} route
    context: "RouterExplorer"
[23:46:04.202] INFO (34299): Mapped {/customers/:id, PATCH} route
    context: "RouterExplorer"
[23:46:04.202] INFO (34299): Mapped {/customers/:id/status, POST} route
    context: "RouterExplorer"
[23:46:04.202] INFO (34299): Mapped {/customers/:id, DELETE} route
    context: "RouterExplorer"
[23:46:04.202] INFO (34299): LiquidityProvidersController {/liquidity-providers}:
    context: "RoutesResolver"
[23:46:04.202] INFO (34299): Mapped {/liquidity-providers, POST} route
    context: "RouterExplorer"
[23:46:04.202] INFO (34299): Mapped {/liquidity-providers, GET} route
    context: "RouterExplorer"
[23:46:04.202] INFO (34299): Mapped {/liquidity-providers/:id, GET} route
    context: "RouterExplorer"
[23:46:04.202] INFO (34299): Mapped {/liquidity-providers/:id/status, PATCH} route
    context: "RouterExplorer"
[23:46:04.202] INFO (34299): AssetsController {/assets}:
    context: "RoutesResolver"
[23:46:04.202] INFO (34299): Mapped {/assets, POST} route
    context: "RouterExplorer"
[23:46:04.202] INFO (34299): Mapped {/assets, GET} route
    context: "RouterExplorer"
[23:46:04.202] INFO (34299): Mapped {/assets/:id, GET} route
    context: "RouterExplorer"
[23:46:04.202] INFO (34299): Mapped {/assets/:id/status, PATCH} route
    context: "RouterExplorer"
[23:46:04.202] INFO (34299): LiquidityConfigController {/liquidity-configurations}:
    context: "RoutesResolver"
[23:46:04.202] INFO (34299): Mapped {/liquidity-configurations, POST} route
    context: "RouterExplorer"
[23:46:04.202] INFO (34299): Mapped {/liquidity-configurations, GET} route
    context: "RouterExplorer"
[23:46:04.202] INFO (34299): Mapped {/liquidity-configurations/available, GET} route
    context: "RouterExplorer"
[23:46:04.202] INFO (34299): Mapped {/liquidity-configurations/lp/:lpId, GET} route
    context: "RouterExplorer"
[23:46:04.202] INFO (34299): Mapped {/liquidity-configurations/:id, GET} route
    context: "RouterExplorer"
[23:46:04.202] INFO (34299): Mapped {/liquidity-configurations/:id, PUT} route
    context: "RouterExplorer"
[23:46:04.202] INFO (34299): Mapped {/liquidity-configurations/:id, DELETE} route
    context: "RouterExplorer"
[23:46:04.202] INFO (34299): Mapped {/liquidity-configurations/:id/status, PATCH} route
    context: "RouterExplorer"
[23:46:04.202] INFO (34299): WalletsController {/wallets}:
    context: "RoutesResolver"
[23:46:04.202] INFO (34299): Mapped {/wallets, POST} route
    context: "RouterExplorer"
[23:46:04.202] INFO (34299): Mapped {/wallets, GET} route
    context: "RouterExplorer"
[23:46:04.202] INFO (34299): Mapped {/wallets/:id, GET} route
    context: "RouterExplorer"
[23:46:04.202] INFO (34299): Mapped {/wallets/:id/status, PATCH} route
    context: "RouterExplorer"
[23:46:04.202] INFO (34299): PayinsController {/treasury/payins}:
    context: "RoutesResolver"
[23:46:04.202] INFO (34299): Mapped {/treasury/payins/simulate, POST} route
    context: "RouterExplorer"
[23:46:04.202] INFO (34299): Mapped {/treasury/payins, GET} route
    context: "RouterExplorer"
[23:46:04.202] INFO (34299): Mapped {/treasury/payins/:id, GET} route
    context: "RouterExplorer"
[23:46:04.202] INFO (34299): Mapped {/treasury/payins/:id/status, PATCH} route
    context: "RouterExplorer"
[23:46:04.202] INFO (34299): DepositTransactionsController {/deposit-transactions}:
    context: "RoutesResolver"
[23:46:04.202] INFO (34299): Mapped {/deposit-transactions, GET} route
    context: "RouterExplorer"
[23:46:04.202] INFO (34299): Mapped {/deposit-transactions/:id, GET} route
    context: "RouterExplorer"
[23:46:04.202] INFO (34299): Mapped {/deposit-transactions, POST} route
    context: "RouterExplorer"
[23:46:04.202] INFO (34299): Mapped {/deposit-transactions/:id/status, PATCH} route
    context: "RouterExplorer"
[23:46:04.202] INFO (34299): Mapped {/deposit-transactions/export, GET} route
    context: "RouterExplorer"
[23:46:04.202] INFO (34299): CoaController {/coa}:
    context: "RoutesResolver"
[23:46:04.202] INFO (34299): Mapped {/coa, POST} route
    context: "RouterExplorer"
[23:46:04.202] INFO (34299): Mapped {/coa, GET} route
    context: "RouterExplorer"
[23:46:04.202] INFO (34299): Mapped {/coa/:id, GET} route
    context: "RouterExplorer"
[23:46:04.202] INFO (34299): Mapped {/coa/:id, PATCH} route
    context: "RouterExplorer"
[23:46:04.202] INFO (34299): Mapped {/coa/:id, DELETE} route
    context: "RouterExplorer"
[23:46:04.202] INFO (34299): JournalsController {/journals}:
    context: "RoutesResolver"
[23:46:04.202] INFO (34299): Mapped {/journals, GET} route
    context: "RouterExplorer"
[23:46:04.202] INFO (34299): Mapped {/journals/:id, GET} route
    context: "RouterExplorer"
[23:46:04.202] INFO (34299): JournalLinesController {/journal-lines}:
    context: "RoutesResolver"
[23:46:04.202] INFO (34299): Mapped {/journal-lines, GET} route
    context: "RouterExplorer"
[23:46:04.202] INFO (34299): Mapped {/journal-lines/:id, GET} route
    context: "RouterExplorer"
[23:46:04.202] INFO (34299): AcctEventsController {/acct-events}:
    context: "RoutesResolver"
[23:46:04.202] INFO (34299): Mapped {/acct-events, POST} route
    context: "RouterExplorer"
[23:46:04.202] INFO (34299): Mapped {/acct-events, GET} route
    context: "RouterExplorer"
[23:46:04.202] INFO (34299): Mapped {/acct-events/:eventCode, GET} route
    context: "RouterExplorer"
[23:46:04.202] INFO (34299): Mapped {/acct-events/:eventCode, PATCH} route
    context: "RouterExplorer"
[23:46:04.202] INFO (34299): Mapped {/acct-events/:eventCode, DELETE} route
    context: "RouterExplorer"
[23:46:04.202] INFO (34299): JournalHeaderTemplatesController {/journal-header-templates}:
    context: "RoutesResolver"
[23:46:04.202] INFO (34299): Mapped {/journal-header-templates, POST} route
    context: "RouterExplorer"
[23:46:04.202] INFO (34299): Mapped {/journal-header-templates, GET} route
    context: "RouterExplorer"
[23:46:04.202] INFO (34299): Mapped {/journal-header-templates/:id, GET} route
    context: "RouterExplorer"
[23:46:04.202] INFO (34299): Mapped {/journal-header-templates/:id, PATCH} route
    context: "RouterExplorer"
[23:46:04.202] INFO (34299): Mapped {/journal-header-templates/:id, DELETE} route
    context: "RouterExplorer"
[23:46:04.202] INFO (34299): JournalLineTemplatesController {/journal-line-templates}:
    context: "RoutesResolver"
[23:46:04.202] INFO (34299): Mapped {/journal-line-templates, POST} route
    context: "RouterExplorer"
[23:46:04.202] INFO (34299): Mapped {/journal-line-templates, GET} route
    context: "RouterExplorer"
[23:46:04.202] INFO (34299): Mapped {/journal-line-templates/:id, GET} route
    context: "RouterExplorer"
[23:46:04.202] INFO (34299): Mapped {/journal-line-templates/:id, PATCH} route
    context: "RouterExplorer"
[23:46:04.202] INFO (34299): Mapped {/journal-line-templates/:id, DELETE} route
    context: "RouterExplorer"
[23:46:04.202] INFO (34299): DepositWorkflowService initialized and listening for events.
    context: "DepositWorkflowService"
[23:46:04.202] INFO (34299): Nest application successfully started
    context: "NestApplication"
[23:46:04.202] INFO (34299): Application running on port 3000
[23:46:19.075] INFO (34299): request completed
    req: {
      "id": 1,
      "method": "GET",
      "url": "/coa?skip=0&take=10&sortBy=code&sortOrder=asc"
    }
    res: {
      "statusCode": 304,
      "headers": {
        "x-powered-by": "Express",
        "access-control-allow-origin": "http://localhost:3001",
        "vary": "Origin",
        "access-control-allow-credentials": "true",
        "etag": "W/\"a1e-X445aUKy6Q5vH3jDFjnJLLLTOhA\""
      }
    }
    responseTime: 9
[23:46:19.078] INFO (34299): request completed
    req: {
      "id": 2,
      "method": "GET",
      "url": "/coa?skip=0&take=10&sortBy=code&sortOrder=asc"
    }
    res: {
      "statusCode": 304,
      "headers": {
        "x-powered-by": "Express",
        "access-control-allow-origin": "http://localhost:3001",
        "vary": "Origin",
        "access-control-allow-credentials": "true",
        "etag": "W/\"a1e-X445aUKy6Q5vH3jDFjnJLLLTOhA\""
      }
    }
    responseTime: 2
[23:46:21.377] INFO (34299): request completed
    req: {
      "id": 3,
      "method": "GET",
      "url": "/coa?skip=0&take=10&sortBy=code&sortOrder=asc"
    }
    res: {
      "statusCode": 304,
      "headers": {
        "x-powered-by": "Express",
        "access-control-allow-origin": "http://localhost:3001",
        "vary": "Origin",
        "access-control-allow-credentials": "true",
        "etag": "W/\"a1e-X445aUKy6Q5vH3jDFjnJLLLTOhA\""
      }
    }
    responseTime: 2
[23:46:22.016] INFO (34299): request completed
    req: {
      "id": 4,
      "method": "GET",
      "url": "/coa?skip=0&take=10&sortBy=code&sortOrder=asc"
    }
    res: {
      "statusCode": 304,
      "headers": {
        "x-powered-by": "Express",
        "access-control-allow-origin": "http://localhost:3001",
        "vary": "Origin",
        "access-control-allow-credentials": "true",
        "etag": "W/\"a1e-X445aUKy6Q5vH3jDFjnJLLLTOhA\""
      }
    }
    responseTime: 3
[23:46:22.187] INFO (34299): request completed
    req: {
      "id": 5,
      "method": "GET",
      "url": "/coa?skip=0&take=10&sortBy=code&sortOrder=asc"
    }
    res: {
      "statusCode": 304,
      "headers": {
        "x-powered-by": "Express",
        "access-control-allow-origin": "http://localhost:3001",
        "vary": "Origin",
        "access-control-allow-credentials": "true",
        "etag": "W/\"a1e-X445aUKy6Q5vH3jDFjnJLLLTOhA\""
      }
    }
    responseTime: 2
[23:46:22.362] INFO (34299): request completed
    req: {
      "id": 6,
      "method": "GET",
      "url": "/coa?skip=0&take=10&sortBy=code&sortOrder=asc"
    }
    res: {
      "statusCode": 304,
      "headers": {
        "x-powered-by": "Express",
        "access-control-allow-origin": "http://localhost:3001",
        "vary": "Origin",
        "access-control-allow-credentials": "true",
        "etag": "W/\"a1e-X445aUKy6Q5vH3jDFjnJLLLTOhA\""
      }
    }
    responseTime: 2
[23:46:22.537] INFO (34299): request completed
    req: {
      "id": 7,
      "method": "GET",
      "url": "/coa?skip=0&take=10&sortBy=code&sortOrder=asc"
    }
    res: {
      "statusCode": 304,
      "headers": {
        "x-powered-by": "Express",
        "access-control-allow-origin": "http://localhost:3001",
        "vary": "Origin",
        "access-control-allow-credentials": "true",
        "etag": "W/\"a1e-X445aUKy6Q5vH3jDFjnJLLLTOhA\""
      }
    }
    responseTime: 2
[23:46:25.028] INFO (34299): request completed
    req: {
      "id": 8,
      "method": "GET",
      "url": "/coa?skip=0&take=10&sortBy=code&sortOrder=asc"
    }
    res: {
      "statusCode": 304,
      "headers": {
        "x-powered-by": "Express",
        "access-control-allow-origin": "http://localhost:3001",
        "vary": "Origin",
        "access-control-allow-credentials": "true",
        "etag": "W/\"a1e-X445aUKy6Q5vH3jDFjnJLLLTOhA\""
      }
    }
    responseTime: 3
[23:46:25.030] INFO (34299): request completed
    req: {
      "id": 9,
      "method": "GET",
      "url": "/coa?skip=0&take=10&sortBy=code&sortOrder=asc"
    }
    res: {
      "statusCode": 304,
      "headers": {
        "x-powered-by": "Express",
        "access-control-allow-origin": "http://localhost:3001",
        "vary": "Origin",
        "access-control-allow-credentials": "true",
        "etag": "W/\"a1e-X445aUKy6Q5vH3jDFjnJLLLTOhA\""
      }
    }
    responseTime: 1
[23:46:26.759] INFO (34299): request completed
    req: {
      "id": 10,
      "method": "GET",
      "url": "/coa?skip=0&take=10&sortBy=code&sortOrder=asc"
    }
    res: {
      "statusCode": 304,
      "headers": {
        "x-powered-by": "Express",
        "access-control-allow-origin": "http://localhost:3001",
        "vary": "Origin",
        "access-control-allow-credentials": "true",
        "etag": "W/\"a1e-X445aUKy6Q5vH3jDFjnJLLLTOhA\""
      }
    }
    responseTime: 1
[23:46:26.761] INFO (34299): request completed
    req: {
      "id": 11,
      "method": "GET",
      "url": "/coa?skip=0&take=10&sortBy=code&sortOrder=asc"
    }
    res: {
      "statusCode": 304,
      "headers": {
        "x-powered-by": "Express",
        "access-control-allow-origin": "http://localhost:3001",
        "vary": "Origin",
        "access-control-allow-credentials": "true",
        "etag": "W/\"a1e-X445aUKy6Q5vH3jDFjnJLLLTOhA\""
      }
    }
    responseTime: 1
[23:46:34.119] INFO (34299): request completed
    req: {
      "id": 12,
      "method": "GET",
      "url": "/journal-header-templates?skip=0&take=10"
    }
    res: {
      "statusCode": 304,
      "headers": {
        "x-powered-by": "Express",
        "access-control-allow-origin": "http://localhost:3001",
        "vary": "Origin",
        "access-control-allow-credentials": "true",
        "etag": "W/\"126f-u2L5g0s+roWuLWk2BPwMEXbUyMk\""
      }
    }
    responseTime: 3
[23:46:34.122] INFO (34299): request completed
    req: {
      "id": 13,
      "method": "GET",
      "url": "/journal-header-templates?skip=0&take=10"
    }
    res: {
      "statusCode": 304,
      "headers": {
        "x-powered-by": "Express",
        "access-control-allow-origin": "http://localhost:3001",
        "vary": "Origin",
        "access-control-allow-credentials": "true",
        "etag": "W/\"126f-u2L5g0s+roWuLWk2BPwMEXbUyMk\""
      }
    }
    responseTime: 2
[23:46:36.021] INFO (34299): request completed
    req: {
      "id": 14,
      "method": "GET",
      "url": "/journal-line-templates?templateId=6bf9f553-f811-4f56-9b9e-2ccc2b9a657e"
    }
    res: {
      "statusCode": 304,
      "headers": {
        "x-powered-by": "Express",
        "access-control-allow-origin": "http://localhost:3001",
        "vary": "Origin",
        "access-control-allow-credentials": "true",
        "etag": "W/\"542-YnqLlxMA1hVgBE1oWP1O0JJcyUY\""
      }
    }
    responseTime: 3
[23:46:36.023] INFO (34299): request completed
    req: {
      "id": 15,
      "method": "GET",
      "url": "/journal-line-templates?templateId=6bf9f553-f811-4f56-9b9e-2ccc2b9a657e"
    }
    res: {
      "statusCode": 304,
      "headers": {
        "x-powered-by": "Express",
        "access-control-allow-origin": "http://localhost:3001",
        "vary": "Origin",
        "access-control-allow-credentials": "true",
        "etag": "W/\"542-YnqLlxMA1hVgBE1oWP1O0JJcyUY\""
      }
    }
    responseTime: 1
[23:46:38.467] INFO (34299): request completed
    req: {
      "id": 16,
      "method": "GET",
      "url": "/journal-lines?skip=0&take=10&sortBy=createdAt&sortOrder=desc"
    }
    res: {
      "statusCode": 304,
      "headers": {
        "x-powered-by": "Express",
        "access-control-allow-origin": "http://localhost:3001",
        "vary": "Origin",
        "access-control-allow-credentials": "true",
        "etag": "W/\"112f-o585nbSY14rasUW24VayJXs11pM\""
      }
    }
    responseTime: 2
[23:46:38.469] INFO (34299): request completed
    req: {
      "id": 17,
      "method": "GET",
      "url": "/journal-lines?skip=0&take=10&sortBy=createdAt&sortOrder=desc"
    }
    res: {
      "statusCode": 304,
      "headers": {
        "x-powered-by": "Express",
        "access-control-allow-origin": "http://localhost:3001",
        "vary": "Origin",
        "access-control-allow-credentials": "true",
        "etag": "W/\"112f-o585nbSY14rasUW24VayJXs11pM\""
      }
    }
    responseTime: 1
[23:46:39.162] INFO (34299): request completed
    req: {
      "id": 18,
      "method": "GET",
      "url": "/journals?skip=0&take=10&sortBy=createdAt&sortOrder=desc"
    }
    res: {
      "statusCode": 304,
      "headers": {
        "x-powered-by": "Express",
        "access-control-allow-origin": "http://localhost:3001",
        "vary": "Origin",
        "access-control-allow-credentials": "true",
        "etag": "W/\"89f-SG6FS53neN0GRORCXULMCCU9LMw\""
      }
    }
    responseTime: 2
[23:46:39.164] INFO (34299): request completed
    req: {
      "id": 19,
      "method": "GET",
      "url": "/journals?skip=0&take=10&sortBy=createdAt&sortOrder=desc"
    }
    res: {
      "statusCode": 304,
      "headers": {
        "x-powered-by": "Express",
        "access-control-allow-origin": "http://localhost:3001",
        "vary": "Origin",
        "access-control-allow-credentials": "true",
        "etag": "W/\"89f-SG6FS53neN0GRORCXULMCCU9LMw\""
      }
    }
    responseTime: 1
[23:46:39.945] INFO (34299): request completed
    req: {
      "id": 20,
      "method": "GET",
      "url": "/journal-lines?skip=0&take=10&sortBy=createdAt&sortOrder=desc"
    }
    res: {
      "statusCode": 304,
      "headers": {
        "x-powered-by": "Express",
        "access-control-allow-origin": "http://localhost:3001",
        "vary": "Origin",
        "access-control-allow-credentials": "true",
        "etag": "W/\"112f-o585nbSY14rasUW24VayJXs11pM\""
      }
    }
    responseTime: 1
[23:46:39.947] INFO (34299): request completed
    req: {
      "id": 21,
      "method": "GET",
      "url": "/journal-lines?skip=0&take=10&sortBy=createdAt&sortOrder=desc"
    }
    res: {
      "statusCode": 304,
      "headers": {
        "x-powered-by": "Express",
        "access-control-allow-origin": "http://localhost:3001",
        "vary": "Origin",
        "access-control-allow-credentials": "true",
        "etag": "W/\"112f-o585nbSY14rasUW24VayJXs11pM\""
      }
    }
    responseTime: 1
[23:46:42.184] INFO (34299): request completed
    req: {
      "id": 22,
      "method": "GET",
      "url": "/journal-lines?skip=0&take=10&sortBy=createdAt&sortOrder=desc"
    }
    res: {
      "statusCode": 304,
      "headers": {
        "x-powered-by": "Express",
        "access-control-allow-origin": "http://localhost:3001",
        "vary": "Origin",
        "access-control-allow-credentials": "true",
        "etag": "W/\"112f-o585nbSY14rasUW24VayJXs11pM\""
      }
    }
    responseTime: 3
[23:46:42.665] INFO (34299): request completed
    req: {
      "id": 23,
      "method": "GET",
      "url": "/journal-lines?skip=0&take=10&sortBy=createdAt&sortOrder=desc"
    }
    res: {
      "statusCode": 304,
      "headers": {
        "x-powered-by": "Express",
        "access-control-allow-origin": "http://localhost:3001",
        "vary": "Origin",
        "access-control-allow-credentials": "true",
        "etag": "W/\"112f-o585nbSY14rasUW24VayJXs11pM\""
      }
    }
    responseTime: 4
[23:46:42.825] INFO (34299): request completed
    req: {
      "id": 24,
      "method": "GET",
      "url": "/journal-lines?skip=0&take=10&sortBy=createdAt&sortOrder=desc"
    }
    res: {
      "statusCode": 304,
      "headers": {
        "x-powered-by": "Express",
        "access-control-allow-origin": "http://localhost:3001",
        "vary": "Origin",
        "access-control-allow-credentials": "true",
        "etag": "W/\"112f-o585nbSY14rasUW24VayJXs11pM\""
      }
    }
    responseTime: 2
[23:46:42.991] INFO (34299): request completed
    req: {
      "id": 25,
      "method": "GET",
      "url": "/journal-lines?skip=0&take=10&sortBy=createdAt&sortOrder=desc"
    }
    res: {
      "statusCode": 304,
      "headers": {
        "x-powered-by": "Express",
        "access-control-allow-origin": "http://localhost:3001",
        "vary": "Origin",
        "access-control-allow-credentials": "true",
        "etag": "W/\"112f-o585nbSY14rasUW24VayJXs11pM\""
      }
    }
    responseTime: 1
[23:46:43.151] INFO (34299): request completed
    req: {
      "id": 26,
      "method": "GET",
      "url": "/journal-lines?skip=0&take=10&sortBy=createdAt&sortOrder=desc"
    }
    res: {
      "statusCode": 304,
      "headers": {
        "x-powered-by": "Express",
        "access-control-allow-origin": "http://localhost:3001",
        "vary": "Origin",
        "access-control-allow-credentials": "true",
        "etag": "W/\"112f-o585nbSY14rasUW24VayJXs11pM\""
      }
    }
    responseTime: 1
[23:46:44.657] INFO (34299): request completed
    req: {
      "id": 27,
      "method": "GET",
      "url": "/journal-lines?skip=0&take=10&sortBy=createdAt&sortOrder=desc"
    }
    res: {
      "statusCode": 304,
      "headers": {
        "x-powered-by": "Express",
        "access-control-allow-origin": "http://localhost:3001",
        "vary": "Origin",
        "access-control-allow-credentials": "true",
        "etag": "W/\"112f-o585nbSY14rasUW24VayJXs11pM\""
      }
    }
    responseTime: 2
[23:46:44.659] INFO (34299): request completed
    req: {
      "id": 28,
      "method": "GET",
      "url": "/journal-lines?skip=0&take=10&sortBy=createdAt&sortOrder=desc"
    }
    res: {
      "statusCode": 304,
      "headers": {
        "x-powered-by": "Express",
        "access-control-allow-origin": "http://localhost:3001",
        "vary": "Origin",
        "access-control-allow-credentials": "true",
        "etag": "W/\"112f-o585nbSY14rasUW24VayJXs11pM\""
      }
    }
    responseTime: 1
[23:46:47.529] INFO (34299): request completed
    req: {
      "id": 29,
      "method": "GET",
      "url": "/customers/552cd3d9-97cf-4636-9061-5015107bf68f"
    }
    res: {
      "statusCode": 304,
      "headers": {
        "x-powered-by": "Express",
        "access-control-allow-origin": "http://localhost:3002",
        "vary": "Origin",
        "access-control-allow-credentials": "true",
        "etag": "W/\"2ad-lLFNcs9903szi2nIiJbw4rHg7hk\""
      }
    }
    responseTime: 5
Client connected: uoqrZFHYzFNQ-to2AAAC joined customer_552cd3d9-97cf-4636-9061-5015107bf68f
[23:46:47.533] INFO (34299): request completed
    req: {
      "id": 30,
      "method": "GET",
      "url": "/customers/552cd3d9-97cf-4636-9061-5015107bf68f"
    }
    res: {
      "statusCode": 304,
      "headers": {
        "x-powered-by": "Express",
        "access-control-allow-origin": "http://localhost:3002",
        "vary": "Origin",
        "access-control-allow-credentials": "true",
        "etag": "W/\"2ad-lLFNcs9903szi2nIiJbw4rHg7hk\""
      }
    }
    responseTime: 2
[23:46:47.543] INFO (34299): request completed
    req: {
      "id": 31,
      "method": "GET",
      "url": "/assets?status=ACTIVE"
    }
    res: {
      "statusCode": 304,
      "headers": {
        "x-powered-by": "Express",
        "access-control-allow-origin": "http://localhost:3002",
        "vary": "Origin",
        "access-control-allow-credentials": "true",
        "etag": "W/\"496-oS6bh6gwrQgVx2SpzizemqiaxRY\""
      }
    }
    responseTime: 0
[23:46:47.544] INFO (34299): request completed
    req: {
      "id": 32,
      "method": "GET",
      "url": "/assets?status=ACTIVE"
    }
    res: {
      "statusCode": 304,
      "headers": {
        "x-powered-by": "Express",
        "access-control-allow-origin": "http://localhost:3002",
        "vary": "Origin",
        "access-control-allow-credentials": "true",
        "etag": "W/\"496-oS6bh6gwrQgVx2SpzizemqiaxRY\""
      }
    }
    responseTime: 0
[23:46:49.847] INFO (34299): request completed
    req: {
      "id": 33,
      "method": "GET",
      "url": "/wallets?ownerType=CUSTOMER&ownerId=552cd3d9-97cf-4636-9061-5015107bf68f"
    }
    res: {
      "statusCode": 304,
      "headers": {
        "x-powered-by": "Express",
        "access-control-allow-origin": "http://localhost:3002",
        "vary": "Origin",
        "access-control-allow-credentials": "true",
        "etag": "W/\"258-yQKm7X9hEM3eKKQTWOUaTJsZEoo\""
      }
    }
    responseTime: 3
[23:46:50.829] INFO (34299): Simulating payin for wallet 12347b35-64f8-4a0e-a640-3f69dec32e75 (Type: crypto)
    req: {
      "id": 34,
      "method": "POST",
      "url": "/treasury/payins/simulate"
    }
    context: "PayinsService"
[23:46:50.832] INFO (34299): Emitting payin.created event for 4bf01138-74dd-4ef2-9649-33bdba97c651
    req: {
      "id": 34,
      "method": "POST",
      "url": "/treasury/payins/simulate"
    }
    context: "PayinsService"
[23:46:50.836] INFO (34299): Event received: payin.created for 4bf01138-74dd-4ef2-9649-33bdba97c651 status=DETECTED
    req: {
      "id": 34,
      "method": "POST",
      "url": "/treasury/payins/simulate"
    }
    context: "DepositWorkflowService"
[23:46:50.838] INFO (34299): request completed
    req: {
      "id": 34,
      "method": "POST",
      "url": "/treasury/payins/simulate"
    }
    res: {
      "statusCode": 201,
      "headers": {
        "x-powered-by": "Express",
        "access-control-allow-origin": "http://localhost:3002",
        "vary": "Origin",
        "access-control-allow-credentials": "true",
        "content-type": "application/json; charset=utf-8",
        "content-length": "841",
        "etag": "W/\"349-O/l6ItRd5k0y7Bzke1nayhuSQ8I\""
      }
    }
    responseTime: 10
[23:46:50.839] INFO (34299): Creating deposit for payin 4bf01138-74dd-4ef2-9649-33bdba97c651
    req: {
      "id": 34,
      "method": "POST",
      "url": "/treasury/payins/simulate"
    }
    context: "DepositWorkflowService"
Client disconnected: uoqrZFHYzFNQ-to2AAAC
[23:46:52.838] INFO (34299): request completed
    req: {
      "id": 35,
      "method": "GET",
      "url": "/journal-lines?skip=0&take=10&sortBy=createdAt&sortOrder=desc"
    }
    res: {
      "statusCode": 304,
      "headers": {
        "x-powered-by": "Express",
        "access-control-allow-origin": "http://localhost:3001",
        "vary": "Origin",
        "access-control-allow-credentials": "true",
        "etag": "W/\"112f-o585nbSY14rasUW24VayJXs11pM\""
      }
    }
    responseTime: 2
[23:46:52.839] INFO (34299): request completed
    req: {
      "id": 36,
      "method": "GET",
      "url": "/journal-lines?skip=0&take=10&sortBy=createdAt&sortOrder=desc"
    }
    res: {
      "statusCode": 304,
      "headers": {
        "x-powered-by": "Express",
        "access-control-allow-origin": "http://localhost:3001",
        "vary": "Origin",
        "access-control-allow-credentials": "true",
        "etag": "W/\"112f-o585nbSY14rasUW24VayJXs11pM\""
      }
    }
    responseTime: 1
[23:46:55.165] INFO (34299): request completed
    req: {
      "id": 37,
      "method": "GET",
      "url": "/treasury/payins?"
    }
    res: {
      "statusCode": 200,
      "headers": {
        "x-powered-by": "Express",
        "access-control-allow-origin": "http://localhost:3001",
        "vary": "Origin",
        "access-control-allow-credentials": "true",
        "content-type": "application/json; charset=utf-8",
        "content-length": "14014",
        "etag": "W/\"36be-ptpC2LFI6jmg2+3jxkb4dUQ9tog\""
      }
    }
    responseTime: 3
[23:46:55.168] INFO (34299): request completed
    req: {
      "id": 38,
      "method": "GET",
      "url": "/treasury/payins?"
    }
    res: {
      "statusCode": 304,
      "headers": {
        "x-powered-by": "Express",
        "access-control-allow-origin": "http://localhost:3001",
        "vary": "Origin",
        "access-control-allow-credentials": "true",
        "etag": "W/\"36be-ptpC2LFI6jmg2+3jxkb4dUQ9tog\""
      }
    }
    responseTime: 2
[23:46:56.940] INFO (34299): Transitioning payin 4bf01138-74dd-4ef2-9649-33bdba97c651 from DETECTED to CONFIRMING via action block
    req: {
      "id": 39,
      "method": "PATCH",
      "url": "/treasury/payins/4bf01138-74dd-4ef2-9649-33bdba97c651/status"
    }
    context: "PayinsService"
[23:46:56.942] INFO (34299): Handling payin status change: 4bf01138-74dd-4ef2-9649-33bdba97c651 DETECTED -> CONFIRMING
    req: {
      "id": 39,
      "method": "PATCH",
      "url": "/treasury/payins/4bf01138-74dd-4ef2-9649-33bdba97c651/status"
    }
    context: "DepositWorkflowService"
[23:46:56.943] INFO (34299): request completed
    req: {
      "id": 39,
      "method": "PATCH",
      "url": "/treasury/payins/4bf01138-74dd-4ef2-9649-33bdba97c651/status"
    }
    res: {
      "statusCode": 200,
      "headers": {
        "x-powered-by": "Express",
        "access-control-allow-origin": "http://localhost:3001",
        "vary": "Origin",
        "access-control-allow-credentials": "true",
        "content-type": "application/json; charset=utf-8",
        "content-length": "877",
        "etag": "W/\"36d-mfXygMrnuCxJLZtkvXJwZnX8fbw\""
      }
    }
    responseTime: 4
[23:46:56.961] INFO (34299): request completed
    req: {
      "id": 40,
      "method": "GET",
      "url": "/treasury/payins?"
    }
    res: {
      "statusCode": 200,
      "headers": {
        "x-powered-by": "Express",
        "access-control-allow-origin": "http://localhost:3001",
        "vary": "Origin",
        "access-control-allow-credentials": "true",
        "content-type": "application/json; charset=utf-8",
        "content-length": "14016",
        "etag": "W/\"36c0-yZ+lX6X4+aABI9A/zSclms226+M\""
      }
    }
    responseTime: 2
[23:46:58.762] INFO (34299): request completed
    req: {
      "id": 41,
      "method": "GET",
      "url": "/customers?"
    }
    res: {
      "statusCode": 304,
      "headers": {
        "x-powered-by": "Express",
        "access-control-allow-origin": "http://localhost:3001",
        "vary": "Origin",
        "access-control-allow-credentials": "true",
        "etag": "W/\"1a45-oxKfGAYTvTrBzLhdkdaSKtDkmTI\""
      }
    }
    responseTime: 7
[23:46:58.767] INFO (34299): request completed
    req: {
      "id": 42,
      "method": "GET",
      "url": "/customers?"
    }
    res: {
      "statusCode": 304,
      "headers": {
        "x-powered-by": "Express",
        "access-control-allow-origin": "http://localhost:3001",
        "vary": "Origin",
        "access-control-allow-credentials": "true",
        "etag": "W/\"1a45-oxKfGAYTvTrBzLhdkdaSKtDkmTI\""
      }
    }
    responseTime: 4
[23:46:59.217] INFO (34299): request completed
    req: {
      "id": 43,
      "method": "GET",
      "url": "/deposit-transactions?"
    }
    res: {
      "statusCode": 200,
      "headers": {
        "x-powered-by": "Express",
        "access-control-allow-origin": "http://localhost:3001",
        "vary": "Origin",
        "access-control-allow-credentials": "true",
        "content-type": "application/json; charset=utf-8",
        "content-length": "9529",
        "etag": "W/\"2539-oT6PXrpP4mKx59WBCP7ArdJc7ME\""
      }
    }
    responseTime: 3
[23:46:59.220] INFO (34299): request completed
    req: {
      "id": 44,
      "method": "GET",
      "url": "/deposit-transactions?"
    }
    res: {
      "statusCode": 304,
      "headers": {
        "x-powered-by": "Express",
        "access-control-allow-origin": "http://localhost:3001",
        "vary": "Origin",
        "access-control-allow-credentials": "true",
        "etag": "W/\"2539-oT6PXrpP4mKx59WBCP7ArdJc7ME\""
      }
    }
    responseTime: 2
[23:47:02.613] INFO (34299): request completed
    req: {
      "id": 45,
      "method": "GET",
      "url": "/treasury/payins?"
    }
    res: {
      "statusCode": 304,
      "headers": {
        "x-powered-by": "Express",
        "access-control-allow-origin": "http://localhost:3001",
        "vary": "Origin",
        "access-control-allow-credentials": "true",
        "etag": "W/\"36c0-yZ+lX6X4+aABI9A/zSclms226+M\""
      }
    }
    responseTime: 2
[23:47:02.616] INFO (34299): request completed
    req: {
      "id": 46,
      "method": "GET",
      "url": "/treasury/payins?"
    }
    res: {
      "statusCode": 304,
      "headers": {
        "x-powered-by": "Express",
        "access-control-allow-origin": "http://localhost:3001",
        "vary": "Origin",
        "access-control-allow-credentials": "true",
        "etag": "W/\"36c0-yZ+lX6X4+aABI9A/zSclms226+M\""
      }
    }
    responseTime: 2
[23:47:04.125] INFO (34299): Transitioning payin 4bf01138-74dd-4ef2-9649-33bdba97c651 from CONFIRMING to CONFIRMED via action confirm
    req: {
      "id": 47,
      "method": "PATCH",
      "url": "/treasury/payins/4bf01138-74dd-4ef2-9649-33bdba97c651/status"
    }
    context: "PayinsService"
[23:47:04.127] INFO (34299): Handling payin status change: 4bf01138-74dd-4ef2-9649-33bdba97c651 CONFIRMING -> CONFIRMED
    req: {
      "id": 47,
      "method": "PATCH",
      "url": "/treasury/payins/4bf01138-74dd-4ef2-9649-33bdba97c651/status"
    }
    context: "DepositWorkflowService"
[23:47:04.128] INFO (34299): request completed
    req: {
      "id": 47,
      "method": "PATCH",
      "url": "/treasury/payins/4bf01138-74dd-4ef2-9649-33bdba97c651/status"
    }
    res: {
      "statusCode": 200,
      "headers": {
        "x-powered-by": "Express",
        "access-control-allow-origin": "http://localhost:3001",
        "vary": "Origin",
        "access-control-allow-credentials": "true",
        "content-type": "application/json; charset=utf-8",
        "content-length": "876",
        "etag": "W/\"36c-1eRQHNFzteT/PmDnOlopjJIHzf0\""
      }
    }
    responseTime: 6
[23:47:04.131] INFO (34299): EVT_DEPOSIT_CONFIRMED__CRYPTO: depositId=0aa1949a-3a81-49d2-a959-9ce1a040e0a4
    req: {
      "id": 47,
      "method": "PATCH",
      "url": "/treasury/payins/4bf01138-74dd-4ef2-9649-33bdba97c651/status"
    }
    context: "DepositWorkflowService"
[23:47:04.134] INFO (34299): Creating journal entry for deposit 0aa1949a-3a81-49d2-a959-9ce1a040e0a4 event EVT_DEPOSIT_CONFIRMED__CRYPTO using template TPL_EVT_DEPOSIT_CONFIRMED__CRYPTO_V1
    req: {
      "id": 47,
      "method": "PATCH",
      "url": "/treasury/payins/4bf01138-74dd-4ef2-9649-33bdba97c651/status"
    }
    context: "JournalsService"
[23:47:04.156] INFO (34299): request completed
    req: {
      "id": 48,
      "method": "GET",
      "url": "/treasury/payins?"
    }
    res: {
      "statusCode": 200,
      "headers": {
        "x-powered-by": "Express",
        "access-control-allow-origin": "http://localhost:3001",
        "vary": "Origin",
        "access-control-allow-credentials": "true",
        "content-type": "application/json; charset=utf-8",
        "content-length": "14015",
        "etag": "W/\"36bf-aiTcZPldrOFDgLdtjxmFkCnGz4I\""
      }
    }
    responseTime: 3
[23:47:05.890] INFO (34299): request completed
    req: {
      "id": 49,
      "method": "GET",
      "url": "/deposit-transactions?"
    }
    res: {
      "statusCode": 200,
      "headers": {
        "x-powered-by": "Express",
        "access-control-allow-origin": "http://localhost:3001",
        "vary": "Origin",
        "access-control-allow-credentials": "true",
        "content-type": "application/json; charset=utf-8",
        "content-length": "9526",
        "etag": "W/\"2536-HI79GtGbEfeKoXEvgDuQJ4ff3RU\""
      }
    }
    responseTime: 2
[23:47:05.892] INFO (34299): request completed
    req: {
      "id": 50,
      "method": "GET",
      "url": "/deposit-transactions?"
    }
    res: {
      "statusCode": 304,
      "headers": {
        "x-powered-by": "Express",
        "access-control-allow-origin": "http://localhost:3001",
        "vary": "Origin",
        "access-control-allow-credentials": "true",
        "etag": "W/\"2536-HI79GtGbEfeKoXEvgDuQJ4ff3RU\""
      }
    }
    responseTime: 2
[23:47:08.524] INFO (34299): request completed
    req: {
      "id": 51,
      "method": "GET",
      "url": "/journals?skip=0&take=10&sortBy=createdAt&sortOrder=desc"
    }
    res: {
      "statusCode": 200,
      "headers": {
        "x-powered-by": "Express",
        "access-control-allow-origin": "http://localhost:3001",
        "vary": "Origin",
        "access-control-allow-credentials": "true",
        "content-type": "application/json; charset=utf-8",
        "content-length": "2645",
        "etag": "W/\"a55-sSa3dBoyokEggLB5Q/QKIQIeSQM\""
      }
    }
    responseTime: 1
[23:47:08.525] INFO (34299): request completed
    req: {
      "id": 52,
      "method": "GET",
      "url": "/journals?skip=0&take=10&sortBy=createdAt&sortOrder=desc"
    }
    res: {
      "statusCode": 304,
      "headers": {
        "x-powered-by": "Express",
        "access-control-allow-origin": "http://localhost:3001",
        "vary": "Origin",
        "access-control-allow-credentials": "true",
        "etag": "W/\"a55-sSa3dBoyokEggLB5Q/QKIQIeSQM\""
      }
    }
    responseTime: 1
[23:47:13.017] INFO (34299): request completed
    req: {
      "id": 53,
      "method": "GET",
      "url": "/deposit-transactions?"
    }
    res: {
      "statusCode": 304,
      "headers": {
        "x-powered-by": "Express",
        "access-control-allow-origin": "http://localhost:3001",
        "vary": "Origin",
        "access-control-allow-credentials": "true",
        "etag": "W/\"2536-HI79GtGbEfeKoXEvgDuQJ4ff3RU\""
      }
    }
    responseTime: 2
[23:47:13.020] INFO (34299): request completed
    req: {
      "id": 54,
      "method": "GET",
      "url": "/deposit-transactions?"
    }
    res: {
      "statusCode": 304,
      "headers": {
        "x-powered-by": "Express",
        "access-control-allow-origin": "http://localhost:3001",
        "vary": "Origin",
        "access-control-allow-credentials": "true",
        "etag": "W/\"2536-HI79GtGbEfeKoXEvgDuQJ4ff3RU\""
      }
    }
    responseTime: 2
[23:47:20.464] INFO (34299): request completed
    req: {
      "id": 55,
      "method": "GET",
      "url": "/journals?skip=0&take=10&sortBy=createdAt&sortOrder=desc"
    }
    res: {
      "statusCode": 304,
      "headers": {
        "x-powered-by": "Express",
        "access-control-allow-origin": "http://localhost:3001",
        "vary": "Origin",
        "access-control-allow-credentials": "true",
        "etag": "W/\"a55-sSa3dBoyokEggLB5Q/QKIQIeSQM\""
      }
    }
    responseTime: 2
[23:47:20.466] INFO (34299): request completed
    req: {
      "id": 56,
      "method": "GET",
      "url": "/journals?skip=0&take=10&sortBy=createdAt&sortOrder=desc"
    }
    res: {
      "statusCode": 304,
      "headers": {
        "x-powered-by": "Express",
        "access-control-allow-origin": "http://localhost:3001",
        "vary": "Origin",
        "access-control-allow-credentials": "true",
        "etag": "W/\"a55-sSa3dBoyokEggLB5Q/QKIQIeSQM\""
      }
    }
    responseTime: 2
[23:47:24.349] INFO (34299): request completed
    req: {
      "id": 57,
      "method": "GET",
      "url": "/journal-lines?skip=0&take=10&sortBy=createdAt&sortOrder=desc"
    }
    res: {
      "statusCode": 200,
      "headers": {
        "x-powered-by": "Express",
        "access-control-allow-origin": "http://localhost:3001",
        "vary": "Origin",
        "access-control-allow-credentials": "true",
        "content-type": "application/json; charset=utf-8",
        "content-length": "4388",
        "etag": "W/\"1124-he8iIjf1iQ/yxT9og7T67zYwzB8\""
      }
    }
    responseTime: 2
[23:47:24.351] INFO (34299): request completed
    req: {
      "id": 58,
      "method": "GET",
      "url": "/journal-lines?skip=0&take=10&sortBy=createdAt&sortOrder=desc"
    }
    res: {
      "statusCode": 304,
      "headers": {
        "x-powered-by": "Express",
        "access-control-allow-origin": "http://localhost:3001",
        "vary": "Origin",
        "access-control-allow-credentials": "true",
        "etag": "W/\"1124-he8iIjf1iQ/yxT9og7T67zYwzB8\""
      }
    }
    responseTime: 1
[23:47:30.149] INFO (34299): request completed
    req: {
      "id": 59,
      "method": "GET",
      "url": "/treasury/payins?"
    }
    res: {
      "statusCode": 304,
      "headers": {
        "x-powered-by": "Express",
        "access-control-allow-origin": "http://localhost:3001",
        "vary": "Origin",
        "access-control-allow-credentials": "true",
        "etag": "W/\"36bf-aiTcZPldrOFDgLdtjxmFkCnGz4I\""
      }
    }
    responseTime: 2
[23:47:30.152] INFO (34299): request completed
    req: {
      "id": 60,
      "method": "GET",
      "url": "/treasury/payins?"
    }
    res: {
      "statusCode": 304,
      "headers": {
        "x-powered-by": "Express",
        "access-control-allow-origin": "http://localhost:3001",
        "vary": "Origin",
        "access-control-allow-credentials": "true",
        "etag": "W/\"36bf-aiTcZPldrOFDgLdtjxmFkCnGz4I\""
      }
    }
    responseTime: 2
[23:47:31.723] INFO (34299): Transitioning payin 4bf01138-74dd-4ef2-9649-33bdba97c651 from CONFIRMED to PENDING_COMPLIANCE via action check
    req: {
      "id": 61,
      "method": "PATCH",
      "url": "/treasury/payins/4bf01138-74dd-4ef2-9649-33bdba97c651/status"
    }
    context: "PayinsService"
[23:47:31.725] INFO (34299): Handling payin status change: 4bf01138-74dd-4ef2-9649-33bdba97c651 CONFIRMED -> PENDING_COMPLIANCE
    req: {
      "id": 61,
      "method": "PATCH",
      "url": "/treasury/payins/4bf01138-74dd-4ef2-9649-33bdba97c651/status"
    }
    context: "DepositWorkflowService"
[23:47:31.725] INFO (34299): request completed
    req: {
      "id": 61,
      "method": "PATCH",
      "url": "/treasury/payins/4bf01138-74dd-4ef2-9649-33bdba97c651/status"
    }
    res: {
      "statusCode": 200,
      "headers": {
        "x-powered-by": "Express",
        "access-control-allow-origin": "http://localhost:3001",
        "vary": "Origin",
        "access-control-allow-credentials": "true",
        "content-type": "application/json; charset=utf-8",
        "content-length": "885",
        "etag": "W/\"375-u+a/TNpto5OSkrXwJN+d396vbEk\""
      }
    }
    responseTime: 5
[23:47:31.750] INFO (34299): request completed
    req: {
      "id": 62,
      "method": "GET",
      "url": "/treasury/payins?"
    }
    res: {
      "statusCode": 200,
      "headers": {
        "x-powered-by": "Express",
        "access-control-allow-origin": "http://localhost:3001",
        "vary": "Origin",
        "access-control-allow-credentials": "true",
        "content-type": "application/json; charset=utf-8",
        "content-length": "14024",
        "etag": "W/\"36c8-v17DrVQTP0Wx8hIfLQr14CGWtRY\""
      }
    }
    responseTime: 2
[23:47:32.754] INFO (34299): Transitioning payin 4bf01138-74dd-4ef2-9649-33bdba97c651 from PENDING_COMPLIANCE to CLEARED via action clear
    req: {
      "id": 63,
      "method": "PATCH",
      "url": "/treasury/payins/4bf01138-74dd-4ef2-9649-33bdba97c651/status"
    }
    context: "PayinsService"
[23:47:32.758] INFO (34299): Handling payin status change: 4bf01138-74dd-4ef2-9649-33bdba97c651 PENDING_COMPLIANCE -> CLEARED
    req: {
      "id": 63,
      "method": "PATCH",
      "url": "/treasury/payins/4bf01138-74dd-4ef2-9649-33bdba97c651/status"
    }
    context: "DepositWorkflowService"
[23:47:32.759] INFO (34299): request completed
    req: {
      "id": 63,
      "method": "PATCH",
      "url": "/treasury/payins/4bf01138-74dd-4ef2-9649-33bdba97c651/status"
    }
    res: {
      "statusCode": 200,
      "headers": {
        "x-powered-by": "Express",
        "access-control-allow-origin": "http://localhost:3001",
        "vary": "Origin",
        "access-control-allow-credentials": "true",
        "content-type": "application/json; charset=utf-8",
        "content-length": "874",
        "etag": "W/\"36a-whccp6KKDvDZXYrskFoWUv4GfS0\""
      }
    }
    responseTime: 9
[23:47:32.763] INFO (34299): EVT_DEPOSIT_SUCCESS__CRYPTO: depositId=0aa1949a-3a81-49d2-a959-9ce1a040e0a4
    req: {
      "id": 63,
      "method": "PATCH",
      "url": "/treasury/payins/4bf01138-74dd-4ef2-9649-33bdba97c651/status"
    }
    context: "DepositWorkflowService"
[23:47:32.766] INFO (34299): Creating journal entry for deposit 0aa1949a-3a81-49d2-a959-9ce1a040e0a4 event EVT_DEPOSIT_SUCCESS__CRYPTO using template TPL_EVT_DEPOSIT_SUCCESS__CRYPTO_V1
    req: {
      "id": 63,
      "method": "PATCH",
      "url": "/treasury/payins/4bf01138-74dd-4ef2-9649-33bdba97c651/status"
    }
    context: "JournalsService"
[23:47:32.788] INFO (34299): request completed
    req: {
      "id": 64,
      "method": "GET",
      "url": "/treasury/payins?"
    }
    res: {
      "statusCode": 200,
      "headers": {
        "x-powered-by": "Express",
        "access-control-allow-origin": "http://localhost:3001",
        "vary": "Origin",
        "access-control-allow-credentials": "true",
        "content-type": "application/json; charset=utf-8",
        "content-length": "14013",
        "etag": "W/\"36bd-eoeYw2f8ad3mi+Ns6C9Ggl41DHU\""
      }
    }
    responseTime: 2
[23:47:34.396] INFO (34299): request completed
    req: {
      "id": 65,
      "method": "GET",
      "url": "/journal-header-templates?skip=0&take=10"
    }
    res: {
      "statusCode": 304,
      "headers": {
        "x-powered-by": "Express",
        "access-control-allow-origin": "http://localhost:3001",
        "vary": "Origin",
        "access-control-allow-credentials": "true",
        "etag": "W/\"126f-u2L5g0s+roWuLWk2BPwMEXbUyMk\""
      }
    }
    responseTime: 2
[23:47:34.397] INFO (34299): request completed
    req: {
      "id": 66,
      "method": "GET",
      "url": "/journal-header-templates?skip=0&take=10"
    }
    res: {
      "statusCode": 304,
      "headers": {
        "x-powered-by": "Express",
        "access-control-allow-origin": "http://localhost:3001",
        "vary": "Origin",
        "access-control-allow-credentials": "true",
        "etag": "W/\"126f-u2L5g0s+roWuLWk2BPwMEXbUyMk\""
      }
    }
    responseTime: 1
[23:47:35.205] INFO (34299): request completed
    req: {
      "id": 67,
      "method": "GET",
      "url": "/journals?skip=0&take=10&sortBy=createdAt&sortOrder=desc"
    }
    res: {
      "statusCode": 200,
      "headers": {
        "x-powered-by": "Express",
        "access-control-allow-origin": "http://localhost:3001",
        "vary": "Origin",
        "access-control-allow-credentials": "true",
        "content-type": "application/json; charset=utf-8",
        "content-length": "3081",
        "etag": "W/\"c09-ynHm0R903GPALjNjFxNBFhh36G4\""
      }
    }
    responseTime: 2
[23:47:35.207] INFO (34299): request completed
    req: {
      "id": 68,
      "method": "GET",
      "url": "/journals?skip=0&take=10&sortBy=createdAt&sortOrder=desc"
    }
    res: {
      "statusCode": 304,
      "headers": {
        "x-powered-by": "Express",
        "access-control-allow-origin": "http://localhost:3001",
        "vary": "Origin",
        "access-control-allow-credentials": "true",
        "etag": "W/\"c09-ynHm0R903GPALjNjFxNBFhh36G4\""
      }
    }
    responseTime: 1
[23:47:37.316] INFO (34299): request completed
    req: {
      "id": 69,
      "method": "GET",
      "url": "/journal-lines?skip=0&take=10&sortBy=createdAt&sortOrder=desc"
    }
    res: {
      "statusCode": 200,
      "headers": {
        "x-powered-by": "Express",
        "access-control-allow-origin": "http://localhost:3001",
        "vary": "Origin",
        "access-control-allow-credentials": "true",
        "content-type": "application/json; charset=utf-8",
        "content-length": "4365",
        "etag": "W/\"110d-BWz+z+zDNuuHUGfFTAPPV4xjKk0\""
      }
    }
    responseTime: 3
[23:47:37.319] INFO (34299): request completed
    req: {
      "id": 70,
      "method": "GET",
      "url": "/journal-lines?skip=0&take=10&sortBy=createdAt&sortOrder=desc"
    }
    res: {
      "statusCode": 304,
      "headers": {
        "x-powered-by": "Express",
        "access-control-allow-origin": "http://localhost:3001",
        "vary": "Origin",
        "access-control-allow-credentials": "true",
        "etag": "W/\"110d-BWz+z+zDNuuHUGfFTAPPV4xjKk0\""
      }
    }
    responseTime: 2
[23:47:56.523] INFO (34299): request completed
    req: {
      "id": 71,
      "method": "GET",
      "url": "/customers/552cd3d9-97cf-4636-9061-5015107bf68f"
    }
    res: {
      "statusCode": 304,
      "headers": {
        "x-powered-by": "Express",
        "access-control-allow-origin": "http://localhost:3002",
        "vary": "Origin",
        "access-control-allow-credentials": "true",
        "etag": "W/\"2ad-lLFNcs9903szi2nIiJbw4rHg7hk\""
      }
    }
    responseTime: 2
[23:47:56.525] INFO (34299): request completed
    req: {
      "id": 72,
      "method": "GET",
      "url": "/customers/552cd3d9-97cf-4636-9061-5015107bf68f"
    }
    res: {
      "statusCode": 304,
      "headers": {
        "x-powered-by": "Express",
        "access-control-allow-origin": "http://localhost:3002",
        "vary": "Origin",
        "access-control-allow-credentials": "true",
        "etag": "W/\"2ad-lLFNcs9903szi2nIiJbw4rHg7hk\""
      }
    }
    responseTime: 1
Client connected: 0ayhbXgbjhL9uINqAAAF joined customer_552cd3d9-97cf-4636-9061-5015107bf68f
[23:47:56.538] INFO (34299): request completed
    req: {
      "id": 73,
      "method": "GET",
      "url": "/assets?status=ACTIVE"
    }
    res: {
      "statusCode": 304,
      "headers": {
        "x-powered-by": "Express",
        "access-control-allow-origin": "http://localhost:3002",
        "vary": "Origin",
        "access-control-allow-credentials": "true",
        "etag": "W/\"496-oS6bh6gwrQgVx2SpzizemqiaxRY\""
      }
    }
    responseTime: 1
[23:47:56.539] INFO (34299): request completed
    req: {
      "id": 74,
      "method": "GET",
      "url": "/assets?status=ACTIVE"
    }
    res: {
      "statusCode": 304,
      "headers": {
        "x-powered-by": "Express",
        "access-control-allow-origin": "http://localhost:3002",
        "vary": "Origin",
        "access-control-allow-credentials": "true",
        "etag": "W/\"496-oS6bh6gwrQgVx2SpzizemqiaxRY\""
      }
    }
    responseTime: 1
Client disconnected: 0ayhbXgbjhL9uINqAAAF
[23:48:08.060] INFO (34299): request completed
    req: {
      "id": 75,
      "method": "GET",
      "url": "/customers/552cd3d9-97cf-4636-9061-5015107bf68f"
    }
    res: {
      "statusCode": 304,
      "headers": {
        "x-powered-by": "Express",
        "access-control-allow-origin": "http://localhost:3002",
        "vary": "Origin",
        "access-control-allow-credentials": "true",
        "etag": "W/\"2ad-lLFNcs9903szi2nIiJbw4rHg7hk\""
      }
    }
    responseTime: 4
[23:48:08.076] INFO (34299): request completed
    req: {
      "id": 76,
      "method": "GET",
      "url": "/customers/552cd3d9-97cf-4636-9061-5015107bf68f"
    }
    res: {
      "statusCode": 304,
      "headers": {
        "x-powered-by": "Express",
        "access-control-allow-origin": "http://localhost:3002",
        "vary": "Origin",
        "access-control-allow-credentials": "true",
        "etag": "W/\"2ad-lLFNcs9903szi2nIiJbw4rHg7hk\""
      }
    }
    responseTime: 15
Client connected: pNpMZ3qD6qz5JIj4AAAI joined customer_552cd3d9-97cf-4636-9061-5015107bf68f
[23:48:08.086] INFO (34299): request completed
    req: {
      "id": 77,
      "method": "GET",
      "url": "/assets?status=ACTIVE"
    }
    res: {
      "statusCode": 304,
      "headers": {
        "x-powered-by": "Express",
        "access-control-allow-origin": "http://localhost:3002",
        "vary": "Origin",
        "access-control-allow-credentials": "true",
        "etag": "W/\"496-oS6bh6gwrQgVx2SpzizemqiaxRY\""
      }
    }
    responseTime: 4
[23:48:08.089] INFO (34299): request completed
    req: {
      "id": 78,
      "method": "GET",
      "url": "/assets?status=ACTIVE"
    }
    res: {
      "statusCode": 304,
      "headers": {
        "x-powered-by": "Express",
        "access-control-allow-origin": "http://localhost:3002",
        "vary": "Origin",
        "access-control-allow-credentials": "true",
        "etag": "W/\"496-oS6bh6gwrQgVx2SpzizemqiaxRY\""
      }
    }
    responseTime: 1
Client disconnected: pNpMZ3qD6qz5JIj4AAAI
[08:52:54.450] INFO (34299): request completed
    req: {
      "id": 79,
      "method": "GET",
      "url": "/journal-lines?skip=0&take=10&sortBy=createdAt&sortOrder=desc"
    }
    res: {
      "statusCode": 304,
      "headers": {
        "x-powered-by": "Express",
        "access-control-allow-origin": "http://localhost:3001",
        "vary": "Origin",
        "access-control-allow-credentials": "true",
        "etag": "W/\"110d-BWz+z+zDNuuHUGfFTAPPV4xjKk0\""
      }
    }
    responseTime: 13
[08:52:54.453] INFO (34299): request completed
    req: {
      "id": 80,
      "method": "GET",
      "url": "/journal-lines?skip=0&take=10&sortBy=createdAt&sortOrder=desc"
    }
    res: {
      "statusCode": 304,
      "headers": {
        "x-powered-by": "Express",
        "access-control-allow-origin": "http://localhost:3001",
        "vary": "Origin",
        "access-control-allow-credentials": "true",
        "etag": "W/\"110d-BWz+z+zDNuuHUGfFTAPPV4xjKk0\""
      }
    }
    responseTime: 1
[09:01:21.412] INFO (34299): request completed
    req: {
      "id": 81,
      "method": "GET",
      "url": "/users"
    }
    res: {
      "statusCode": 401,
      "headers": {
        "x-powered-by": "Express",
        "access-control-allow-origin": "http://localhost:3001",
        "vary": "Origin",
        "access-control-allow-credentials": "true",
        "content-type": "application/json; charset=utf-8",
        "content-length": "43",
        "etag": "W/\"2b-dGnJzt6gv1nJjX6DJ9RztDWptng\""
      }
    }
    responseTime: 27
[09:01:21.414] INFO (34299): request completed
    req: {
      "id": 82,
      "method": "GET",
      "url": "/users"
    }
    res: {
      "statusCode": 401,
      "headers": {
        "x-powered-by": "Express",
        "access-control-allow-origin": "http://localhost:3001",
        "vary": "Origin",
        "access-control-allow-credentials": "true",
        "content-type": "application/json; charset=utf-8",
        "content-length": "43",
        "etag": "W/\"2b-dGnJzt6gv1nJjX6DJ9RztDWptng\""
      }
    }
    responseTime: 1
[09:01:22.381] INFO (34299): request completed
    req: {
      "id": 83,
      "method": "GET",
      "url": "/customers?"
    }
    res: {
      "statusCode": 401,
      "headers": {
        "x-powered-by": "Express",
        "access-control-allow-origin": "http://localhost:3001",
        "vary": "Origin",
        "access-control-allow-credentials": "true",
        "content-type": "application/json; charset=utf-8",
        "content-length": "43",
        "etag": "W/\"2b-dGnJzt6gv1nJjX6DJ9RztDWptng\""
      }
    }
    responseTime: 0
[09:01:22.383] INFO (34299): request completed
    req: {
      "id": 84,
      "method": "GET",
      "url": "/customers?"
    }
    res: {
      "statusCode": 401,
      "headers": {
        "x-powered-by": "Express",
        "access-control-allow-origin": "http://localhost:3001",
        "vary": "Origin",
        "access-control-allow-credentials": "true",
        "content-type": "application/json; charset=utf-8",
        "content-length": "43",
        "etag": "W/\"2b-dGnJzt6gv1nJjX6DJ9RztDWptng\""
      }
    }
    responseTime: 1
[09:01:25.895] INFO (34299): request completed
    req: {
      "id": 85,
      "method": "GET",
      "url": "/customers?"
    }
    res: {
      "statusCode": 401,
      "headers": {
        "x-powered-by": "Express",
        "access-control-allow-origin": "http://localhost:3001",
        "vary": "Origin",
        "access-control-allow-credentials": "true",
        "content-type": "application/json; charset=utf-8",
        "content-length": "43",
        "etag": "W/\"2b-dGnJzt6gv1nJjX6DJ9RztDWptng\""
      }
    }
    responseTime: 2
[09:01:25.896] INFO (34299): request completed
    req: {
      "id": 86,
      "method": "GET",
      "url": "/customers?"
    }
    res: {
      "statusCode": 401,
      "headers": {
        "x-powered-by": "Express",
        "access-control-allow-origin": "http://localhost:3001",
        "vary": "Origin",
        "access-control-allow-credentials": "true",
        "content-type": "application/json; charset=utf-8",
        "content-length": "43",
        "etag": "W/\"2b-dGnJzt6gv1nJjX6DJ9RztDWptng\""
      }
    }
    responseTime: 0
[09:01:27.250] INFO (34299): request completed
    req: {
      "id": 87,
      "method": "GET",
      "url": "/deposit-transactions?"
    }
    res: {
      "statusCode": 401,
      "headers": {
        "x-powered-by": "Express",
        "access-control-allow-origin": "http://localhost:3001",
        "vary": "Origin",
        "access-control-allow-credentials": "true",
        "content-type": "application/json; charset=utf-8",
        "content-length": "43",
        "etag": "W/\"2b-dGnJzt6gv1nJjX6DJ9RztDWptng\""
      }
    }
    responseTime: 1
[09:01:27.250] INFO (34299): request completed
    req: {
      "id": 88,
      "method": "GET",
      "url": "/deposit-transactions?"
    }
    res: {
      "statusCode": 401,
      "headers": {
        "x-powered-by": "Express",
        "access-control-allow-origin": "http://localhost:3001",
        "vary": "Origin",
        "access-control-allow-credentials": "true",
        "content-type": "application/json; charset=utf-8",
        "content-length": "43",
        "etag": "W/\"2b-dGnJzt6gv1nJjX6DJ9RztDWptng\""
      }
    }
    responseTime: 0
[09:01:34.325] INFO (34299): request completed
    req: {
      "id": 89,
      "method": "POST",
      "url": "/auth/login"
    }
    res: {
      "statusCode": 200,
      "headers": {
        "x-powered-by": "Express",
        "access-control-allow-origin": "http://localhost:3001",
        "vary": "Origin",
        "access-control-allow-credentials": "true",
        "content-type": "application/json; charset=utf-8",
        "content-length": "335",
        "etag": "W/\"14f-guxN+ItQlPItGNd2mgT7Auut/Qc\""
      }
    }
    responseTime: 95
[09:01:34.350] INFO (34299): request completed
    req: {
      "id": 90,
      "method": "GET",
      "url": "/users"
    }
    res: {
      "statusCode": 200,
      "headers": {
        "x-powered-by": "Express",
        "access-control-allow-origin": "http://localhost:3001",
        "vary": "Origin",
        "access-control-allow-credentials": "true",
        "content-type": "application/json; charset=utf-8",
        "content-length": "342",
        "etag": "W/\"156-yVlmgtI9a8nK4r3M0lTpomT1HEY\""
      }
    }
    responseTime: 2
[09:01:34.352] INFO (34299): request completed
    req: {
      "id": 91,
      "method": "GET",
      "url": "/users"
    }
    res: {
      "statusCode": 304,
      "headers": {
        "x-powered-by": "Express",
        "access-control-allow-origin": "http://localhost:3001",
        "vary": "Origin",
        "access-control-allow-credentials": "true",
        "etag": "W/\"156-yVlmgtI9a8nK4r3M0lTpomT1HEY\""
      }
    }
    responseTime: 1
[09:01:35.723] INFO (34299): request completed
    req: {
      "id": 92,
      "method": "GET",
      "url": "/customers?"
    }
    res: {
      "statusCode": 304,
      "headers": {
        "x-powered-by": "Express",
        "access-control-allow-origin": "http://localhost:3001",
        "vary": "Origin",
        "access-control-allow-credentials": "true",
        "etag": "W/\"1a45-oxKfGAYTvTrBzLhdkdaSKtDkmTI\""
      }
    }
    responseTime: 4
[09:01:35.726] INFO (34299): request completed
    req: {
      "id": 93,
      "method": "GET",
      "url": "/customers?"
    }
    res: {
      "statusCode": 304,
      "headers": {
        "x-powered-by": "Express",
        "access-control-allow-origin": "http://localhost:3001",
        "vary": "Origin",
        "access-control-allow-credentials": "true",
        "etag": "W/\"1a45-oxKfGAYTvTrBzLhdkdaSKtDkmTI\""
      }
    }
    responseTime: 2
[09:01:40.229] INFO (34299): request completed
    req: {
      "id": 94,
      "method": "GET",
      "url": "/customers/552cd3d9-97cf-4636-9061-5015107bf68f"
    }
    res: {
      "statusCode": 304,
      "headers": {
        "x-powered-by": "Express",
        "access-control-allow-origin": "http://localhost:3001",
        "vary": "Origin",
        "access-control-allow-credentials": "true",
        "etag": "W/\"2ad-lLFNcs9903szi2nIiJbw4rHg7hk\""
      }
    }
    responseTime: 2
[09:01:40.232] INFO (34299): request completed
    req: {
      "id": 95,
      "method": "GET",
      "url": "/customers/552cd3d9-97cf-4636-9061-5015107bf68f"
    }
    res: {
      "statusCode": 304,
      "headers": {
        "x-powered-by": "Express",
        "access-control-allow-origin": "http://localhost:3001",
        "vary": "Origin",
        "access-control-allow-credentials": "true",
        "etag": "W/\"2ad-lLFNcs9903szi2nIiJbw4rHg7hk\""
      }
    }
    responseTime: 3
[09:07:02.492] INFO (34299): request completed
    req: {
      "id": 96,
      "method": "GET",
      "url": "/customers/552cd3d9-97cf-4636-9061-5015107bf68f"
    }
    res: {
      "statusCode": 304,
      "headers": {
        "x-powered-by": "Express",
        "access-control-allow-origin": "http://localhost:3002",
        "vary": "Origin",
        "access-control-allow-credentials": "true",
        "etag": "W/\"2ad-lLFNcs9903szi2nIiJbw4rHg7hk\""
      }
    }
    responseTime: 2
[09:07:02.493] INFO (34299): request completed
    req: {
      "id": 97,
      "method": "GET",
      "url": "/customers/552cd3d9-97cf-4636-9061-5015107bf68f"
    }
    res: {
      "statusCode": 304,
      "headers": {
        "x-powered-by": "Express",
        "access-control-allow-origin": "http://localhost:3002",
        "vary": "Origin",
        "access-control-allow-credentials": "true",
        "etag": "W/\"2ad-lLFNcs9903szi2nIiJbw4rHg7hk\""
      }
    }
    responseTime: 0
Client connected: lYgu_X0dk_gB8DJoAAAL joined customer_552cd3d9-97cf-4636-9061-5015107bf68f
[09:07:02.510] INFO (34299): request completed
    req: {
      "id": 98,
      "method": "GET",
      "url": "/assets?status=ACTIVE"
    }
    res: {
      "statusCode": 304,
      "headers": {
        "x-powered-by": "Express",
        "access-control-allow-origin": "http://localhost:3002",
        "vary": "Origin",
        "access-control-allow-credentials": "true",
        "etag": "W/\"496-oS6bh6gwrQgVx2SpzizemqiaxRY\""
      }
    }
    responseTime: 5
[09:07:02.512] INFO (34299): request completed
    req: {
      "id": 99,
      "method": "GET",
      "url": "/assets?status=ACTIVE"
    }
    res: {
      "statusCode": 304,
      "headers": {
        "x-powered-by": "Express",
        "access-control-allow-origin": "http://localhost:3002",
        "vary": "Origin",
        "access-control-allow-credentials": "true",
        "etag": "W/\"496-oS6bh6gwrQgVx2SpzizemqiaxRY\""
      }
    }
    responseTime: 1
[2J[3J[H[[90m09:08:49[0m] File change detected. Starting incremental compilation...

[[90m09:08:49[0m] Found 0 errors. Watching for file changes.

[2J[3J[H[[90m09:08:49[0m] File change detected. Starting incremental compilation...

[[90m09:08:49[0m] Found 0 errors. Watching for file changes.

[2J[3J[H[[90m09:08:50[0m] File change detected. Starting incremental compilation...

[[90m09:08:50[0m] Found 0 errors. Watching for file changes.

CustomersService initialized with NotificationsGateway
[09:08:50.467] INFO (41174): Starting Nest application...
    context: "NestFactory"
[09:08:50.468] INFO (41174): AppModule dependencies initialized
    context: "InstanceLoader"
[09:08:50.468] INFO (41174): PrismaModule dependencies initialized
    context: "InstanceLoader"
[09:08:50.468] INFO (41174): PassportModule dependencies initialized
    context: "InstanceLoader"
[09:08:50.468] INFO (41174): NotificationsModule dependencies initialized
    context: "InstanceLoader"
[09:08:50.468] INFO (41174): ConfigHostModule dependencies initialized
    context: "InstanceLoader"
[09:08:50.468] INFO (41174): JwtModule dependencies initialized
    context: "InstanceLoader"
[09:08:50.468] INFO (41174): DiscoveryModule dependencies initialized
    context: "InstanceLoader"
[09:08:50.468] INFO (41174): TreasuryModule dependencies initialized
    context: "InstanceLoader"
[09:08:50.468] INFO (41174): ConfigModule dependencies initialized
    context: "InstanceLoader"
[09:08:50.468] INFO (41174): EventEmitterModule dependencies initialized
    context: "InstanceLoader"
[09:08:50.468] INFO (41174): WorkflowsModule dependencies initialized
    context: "InstanceLoader"
[09:08:50.468] INFO (41174): LoggerModule dependencies initialized
    context: "InstanceLoader"
[09:08:50.468] INFO (41174): CoaModule dependencies initialized
    context: "InstanceLoader"
[09:08:50.468] INFO (41174): JournalsModule dependencies initialized
    context: "InstanceLoader"
[09:08:50.468] INFO (41174): JournalLinesModule dependencies initialized
    context: "InstanceLoader"
[09:08:50.468] INFO (41174): AcctEventsModule dependencies initialized
    context: "InstanceLoader"
[09:08:50.468] INFO (41174): JournalHeaderTemplatesModule dependencies initialized
    context: "InstanceLoader"
[09:08:50.468] INFO (41174): JournalLineTemplatesModule dependencies initialized
    context: "InstanceLoader"
[09:08:50.468] INFO (41174): AuthModule dependencies initialized
    context: "InstanceLoader"
[09:08:50.468] INFO (41174): UsersModule dependencies initialized
    context: "InstanceLoader"
[09:08:50.468] INFO (41174): LiquidityProvidersModule dependencies initialized
    context: "InstanceLoader"
[09:08:50.468] INFO (41174): AssetsModule dependencies initialized
    context: "InstanceLoader"
[09:08:50.468] INFO (41174): LiquidityConfigModule dependencies initialized
    context: "InstanceLoader"
[09:08:50.468] INFO (41174): WalletsModule dependencies initialized
    context: "InstanceLoader"
[09:08:50.468] INFO (41174): CustomersModule dependencies initialized
    context: "InstanceLoader"
[09:08:50.468] INFO (41174): PayinsModule dependencies initialized
    context: "InstanceLoader"
[09:08:50.468] INFO (41174): DepositTransactionsModule dependencies initialized
    context: "InstanceLoader"
[09:08:50.468] INFO (41174): UsersController {/users}:
    context: "RoutesResolver"
[09:08:50.468] INFO (41174): Mapped {/users, GET} route
    context: "RouterExplorer"
[09:08:50.468] INFO (41174): CustomerAuthController {/auth/customer}:
    context: "RoutesResolver"
[09:08:50.468] INFO (41174): Mapped {/auth/customer/register, POST} route
    context: "RouterExplorer"
[09:08:50.468] INFO (41174): Mapped {/auth/customer/login, POST} route
    context: "RouterExplorer"
[09:08:50.468] INFO (41174): AuthController {/auth}:
    context: "RoutesResolver"
[09:08:50.468] INFO (41174): Mapped {/auth/login, POST} route
    context: "RouterExplorer"
[09:08:50.468] INFO (41174): CustomersController {/customers}:
    context: "RoutesResolver"
[09:08:50.468] INFO (41174): Mapped {/customers, POST} route
    context: "RouterExplorer"
[09:08:50.468] INFO (41174): Mapped {/customers, GET} route
    context: "RouterExplorer"
[09:08:50.468] INFO (41174): Mapped {/customers/:id, GET} route
    context: "RouterExplorer"
[09:08:50.468] INFO (41174): Mapped {/customers/:id, PATCH} route
    context: "RouterExplorer"
[09:08:50.468] INFO (41174): Mapped {/customers/:id/status, POST} route
    context: "RouterExplorer"
[09:08:50.468] INFO (41174): Mapped {/customers/:id, DELETE} route
    context: "RouterExplorer"
[09:08:50.468] INFO (41174): LiquidityProvidersController {/liquidity-providers}:
    context: "RoutesResolver"
[09:08:50.468] INFO (41174): Mapped {/liquidity-providers, POST} route
    context: "RouterExplorer"
[09:08:50.468] INFO (41174): Mapped {/liquidity-providers, GET} route
    context: "RouterExplorer"
[09:08:50.468] INFO (41174): Mapped {/liquidity-providers/:id, GET} route
    context: "RouterExplorer"
[09:08:50.468] INFO (41174): Mapped {/liquidity-providers/:id/status, PATCH} route
    context: "RouterExplorer"
[09:08:50.468] INFO (41174): AssetsController {/assets}:
    context: "RoutesResolver"
[09:08:50.468] INFO (41174): Mapped {/assets, POST} route
    context: "RouterExplorer"
[09:08:50.468] INFO (41174): Mapped {/assets, GET} route
    context: "RouterExplorer"
[09:08:50.468] INFO (41174): Mapped {/assets/:id, GET} route
    context: "RouterExplorer"
[09:08:50.468] INFO (41174): Mapped {/assets/:id/status, PATCH} route
    context: "RouterExplorer"
[09:08:50.468] INFO (41174): LiquidityConfigController {/liquidity-configurations}:
    context: "RoutesResolver"
[09:08:50.468] INFO (41174): Mapped {/liquidity-configurations, POST} route
    context: "RouterExplorer"
[09:08:50.468] INFO (41174): Mapped {/liquidity-configurations, GET} route
    context: "RouterExplorer"
[09:08:50.468] INFO (41174): Mapped {/liquidity-configurations/available, GET} route
    context: "RouterExplorer"
[09:08:50.468] INFO (41174): Mapped {/liquidity-configurations/lp/:lpId, GET} route
    context: "RouterExplorer"
[09:08:50.468] INFO (41174): Mapped {/liquidity-configurations/:id, GET} route
    context: "RouterExplorer"
[09:08:50.468] INFO (41174): Mapped {/liquidity-configurations/:id, PUT} route
    context: "RouterExplorer"
[09:08:50.468] INFO (41174): Mapped {/liquidity-configurations/:id, DELETE} route
    context: "RouterExplorer"
[09:08:50.468] INFO (41174): Mapped {/liquidity-configurations/:id/status, PATCH} route
    context: "RouterExplorer"
[09:08:50.468] INFO (41174): WalletsController {/wallets}:
    context: "RoutesResolver"
[09:08:50.468] INFO (41174): Mapped {/wallets, POST} route
    context: "RouterExplorer"
[09:08:50.468] INFO (41174): Mapped {/wallets, GET} route
    context: "RouterExplorer"
[09:08:50.468] INFO (41174): Mapped {/wallets/:id, GET} route
    context: "RouterExplorer"
[09:08:50.468] INFO (41174): Mapped {/wallets/:id/status, PATCH} route
    context: "RouterExplorer"
[09:08:50.468] INFO (41174): PayinsController {/treasury/payins}:
    context: "RoutesResolver"
[09:08:50.468] INFO (41174): Mapped {/treasury/payins/simulate, POST} route
    context: "RouterExplorer"
[09:08:50.468] INFO (41174): Mapped {/treasury/payins, GET} route
    context: "RouterExplorer"
[09:08:50.468] INFO (41174): Mapped {/treasury/payins/:id, GET} route
    context: "RouterExplorer"
[09:08:50.468] INFO (41174): Mapped {/treasury/payins/:id/status, PATCH} route
    context: "RouterExplorer"
[09:08:50.468] INFO (41174): DepositTransactionsController {/deposit-transactions}:
    context: "RoutesResolver"
[09:08:50.468] INFO (41174): Mapped {/deposit-transactions, GET} route
    context: "RouterExplorer"
[09:08:50.468] INFO (41174): Mapped {/deposit-transactions/:id, GET} route
    context: "RouterExplorer"
[09:08:50.468] INFO (41174): Mapped {/deposit-transactions, POST} route
    context: "RouterExplorer"
[09:08:50.468] INFO (41174): Mapped {/deposit-transactions/:id/status, PATCH} route
    context: "RouterExplorer"
[09:08:50.468] INFO (41174): Mapped {/deposit-transactions/export, GET} route
    context: "RouterExplorer"
[09:08:50.468] INFO (41174): CoaController {/coa}:
    context: "RoutesResolver"
[09:08:50.468] INFO (41174): Mapped {/coa, POST} route
    context: "RouterExplorer"
[09:08:50.468] INFO (41174): Mapped {/coa, GET} route
    context: "RouterExplorer"
[09:08:50.468] INFO (41174): Mapped {/coa/:id, GET} route
    context: "RouterExplorer"
[09:08:50.468] INFO (41174): Mapped {/coa/:id, PATCH} route
    context: "RouterExplorer"
[09:08:50.468] INFO (41174): Mapped {/coa/:id, DELETE} route
    context: "RouterExplorer"
[09:08:50.468] INFO (41174): JournalsController {/journals}:
    context: "RoutesResolver"
[09:08:50.468] INFO (41174): Mapped {/journals, GET} route
    context: "RouterExplorer"
[09:08:50.468] INFO (41174): Mapped {/journals/:id, GET} route
    context: "RouterExplorer"
[09:08:50.468] INFO (41174): JournalLinesController {/journal-lines}:
    context: "RoutesResolver"
[09:08:50.468] INFO (41174): Mapped {/journal-lines, GET} route
    context: "RouterExplorer"
[09:08:50.468] INFO (41174): Mapped {/journal-lines/:id, GET} route
    context: "RouterExplorer"
[09:08:50.468] INFO (41174): AcctEventsController {/acct-events}:
    context: "RoutesResolver"
[09:08:50.468] INFO (41174): Mapped {/acct-events, POST} route
    context: "RouterExplorer"
[09:08:50.468] INFO (41174): Mapped {/acct-events, GET} route
    context: "RouterExplorer"
[09:08:50.468] INFO (41174): Mapped {/acct-events/:eventCode, GET} route
    context: "RouterExplorer"
[09:08:50.468] INFO (41174): Mapped {/acct-events/:eventCode, PATCH} route
    context: "RouterExplorer"
[09:08:50.468] INFO (41174): Mapped {/acct-events/:eventCode, DELETE} route
    context: "RouterExplorer"
[09:08:50.468] INFO (41174): JournalHeaderTemplatesController {/journal-header-templates}:
    context: "RoutesResolver"
[09:08:50.468] INFO (41174): Mapped {/journal-header-templates, POST} route
    context: "RouterExplorer"
[09:08:50.468] INFO (41174): Mapped {/journal-header-templates, GET} route
    context: "RouterExplorer"
[09:08:50.468] INFO (41174): Mapped {/journal-header-templates/:id, GET} route
    context: "RouterExplorer"
[09:08:50.468] INFO (41174): Mapped {/journal-header-templates/:id, PATCH} route
    context: "RouterExplorer"
[09:08:50.468] INFO (41174): Mapped {/journal-header-templates/:id, DELETE} route
    context: "RouterExplorer"
[09:08:50.468] INFO (41174): JournalLineTemplatesController {/journal-line-templates}:
    context: "RoutesResolver"
[09:08:50.468] INFO (41174): Mapped {/journal-line-templates, POST} route
    context: "RouterExplorer"
[09:08:50.468] INFO (41174): Mapped {/journal-line-templates, GET} route
    context: "RouterExplorer"
[09:08:50.468] INFO (41174): Mapped {/journal-line-templates/:id, GET} route
    context: "RouterExplorer"
[09:08:50.468] INFO (41174): Mapped {/journal-line-templates/:id, PATCH} route
    context: "RouterExplorer"
[09:08:50.468] INFO (41174): Mapped {/journal-line-templates/:id, DELETE} route
    context: "RouterExplorer"
[09:08:50.468] INFO (41174): TreasuryController {/treasury}:
    context: "RoutesResolver"
[09:08:50.468] INFO (41174): DepositWorkflowService initialized and listening for events.
    context: "DepositWorkflowService"
[09:08:50.468] INFO (41174): Nest application successfully started
    context: "NestApplication"
[09:08:50.468] INFO (41174): Application running on port 3000
Client connected: 6mw08_VQTulVVbisAAAB joined customer_552cd3d9-97cf-4636-9061-5015107bf68f
[2J[3J[H[[90m09:09:09[0m] File change detected. Starting incremental compilation...

[96msrc/modules/treasury/treasury.service.ts[0m:[93m26[0m:[93m20[0m - [91merror[0m[90m TS2365: [0mOperator '+' cannot be applied to types 'number | import("/Users/songshengwei/Documents/trae_projects/Exchange_js/node_modules/@prisma/client/runtime/library").Decimal' and 'number | import("/Users/songshengwei/Documents/trae_projects/Exchange_js/node_modules/@prisma/client/runtime/library").Decimal'.

[7m26[0m       totalCredit: (item._sum.balance || 0) + (item._sum.lockedBalance || 0),
[7m  [0m [91m                   ~~~~~~~~~~~~~~~~~~~~~~~~~~~~~~~~~~~~~~~~~~~~~~~~~~~~~~~~~[0m

[[90m09:09:09[0m] Found 1 error. Watching for file changes.

[2J[3J[H[[90m09:09:22[0m] File change detected. Starting incremental compilation...

[96msrc/modules/treasury/treasury.service.ts[0m:[93m26[0m:[93m20[0m - [91merror[0m[90m TS2365: [0mOperator '+' cannot be applied to types 'number | import("/Users/songshengwei/Documents/trae_projects/Exchange_js/node_modules/@prisma/client/runtime/library").Decimal' and 'number | import("/Users/songshengwei/Documents/trae_projects/Exchange_js/node_modules/@prisma/client/runtime/library").Decimal'.

[7m26[0m       totalCredit: (item._sum.balance || 0) + (item._sum.lockedBalance || 0),
[7m  [0m [91m                   ~~~~~~~~~~~~~~~~~~~~~~~~~~~~~~~~~~~~~~~~~~~~~~~~~~~~~~~~~[0m

[[90m09:09:22[0m] Found 1 error. Watching for file changes.

Client disconnected: 6mw08_VQTulVVbisAAAB
Client connected: 6-mZjnM7Si7Km3WcAAAE joined customer_552cd3d9-97cf-4636-9061-5015107bf68f
[09:11:29.535] INFO (41174): request completed
    req: {
      "id": 1,
      "method": "GET",
      "url": "/customers/552cd3d9-97cf-4636-9061-5015107bf68f"
    }
    res: {
      "statusCode": 304,
      "headers": {
        "x-powered-by": "Express",
        "access-control-allow-origin": "http://localhost:3002",
        "vary": "Origin",
        "access-control-allow-credentials": "true",
        "etag": "W/\"2ad-lLFNcs9903szi2nIiJbw4rHg7hk\""
      }
    }
    responseTime: 9
[09:11:29.537] INFO (41174): request completed
    req: {
      "id": 2,
      "method": "GET",
      "url": "/customers/552cd3d9-97cf-4636-9061-5015107bf68f"
    }
    res: {
      "statusCode": 304,
      "headers": {
        "x-powered-by": "Express",
        "access-control-allow-origin": "http://localhost:3002",
        "vary": "Origin",
        "access-control-allow-credentials": "true",
        "etag": "W/\"2ad-lLFNcs9903szi2nIiJbw4rHg7hk\""
      }
    }
    responseTime: 2
[09:11:29.544] INFO (41174): request completed
    req: {
      "id": 3,
      "method": "GET",
      "url": "/assets?status=ACTIVE"
    }
    res: {
      "statusCode": 304,
      "headers": {
        "x-powered-by": "Express",
        "access-control-allow-origin": "http://localhost:3002",
        "vary": "Origin",
        "access-control-allow-credentials": "true",
        "etag": "W/\"496-oS6bh6gwrQgVx2SpzizemqiaxRY\""
      }
    }
    responseTime: 2
[09:11:29.545] INFO (41174): request completed
    req: {
      "id": 4,
      "method": "GET",
      "url": "/assets?status=ACTIVE"
    }
    res: {
      "statusCode": 304,
      "headers": {
        "x-powered-by": "Express",
        "access-control-allow-origin": "http://localhost:3002",
        "vary": "Origin",
        "access-control-allow-credentials": "true",
        "etag": "W/\"496-oS6bh6gwrQgVx2SpzizemqiaxRY\""
      }
    }
    responseTime: 1
